UCL_CODE11,score_coast
101001,0.8415122517698833
102001,0.5345595544638946
102002,0.8180027731555779
102003,0.8711585328188871
102004,0.8811162962597902
103001,0.8646483399461328
111001,0.39256859788385545
111002,0.8015247605110742
112001,0.4629185652031095
112002,0.6005794827092208
112003,0.7114119560118317
112004,0.867804589079282
112005,0.32772020990946993
112006,0.5472147610187614
112007,0.7174052104594247
112008,0.2782023564695568
112009,0.7718297283631701
112010,0.4031295846691554
112011,0.8906560741574807
112012,0.41742157146955994
112013,0.31836208778725816
113001,0.48046025422683725
113002,0.9347728562470679
113003,0.9178769520329036
113003,0.9178769520329036
113004,0.6800129555627301
113005,0.25846552226209274
113006,0.4305102433147724
113007,0.8390681296376683
113008,0.6840915573798365
113009,0.24764226514798027
113010,0.7325001306219179
113011,0.8048517327406992
113012,0.750969711645247
113013,0.5532535384935997
113014,0.8188120783154791
113015,0.5426264577404294
113016,0.8781685391348724
113017,0.3129033438658124
113018,0.8406043688102626
113019,0.6220852868808437
113020,0.7523087685240295
113021,0.8196261723444883
113021,0.8196261723444883
114001,0.7375546970107287
114002,0.638951416103684
114003,0.5459138883104415
114004,0.35936092131752095
114005,0.3658271934110938
114006,0.3752394308075653
114007,0.36957699892268614
114008,0.3033685834962834
114009,0.4601806516629722
114010,0.3639180010312113
114011,0.7728559903289816
114012,0.3955940476706705
114013,0.2573646922096997
114014,0.8446485821229699
114015,0.8484202296161638
114016,0.9208783160021806
114017,0.2768346983304524
114018,0.6652901233896176
114019,0.4327123543239475
114020,0.7480945183000267
114021,0.8968949827766564
114022,0.2933236573825161
114023,0.7662593475983963
114024,0.9376012830922937
114025,0.5141164406043779
114026,0.8193058894724289
114027,0.8804500691190564
114028,0.4011076182580279
114029,0.7585738905411804
114030,0.8376036631384502
114030,0.8376036631384502
114031,0.3857516597611258
114032,0.4566105563035565
114033,0.365446409054375
115001,0.5321775281671639
115002,0.7934099155537359
115003,0.953225198115881
115004,0.7156167864190879
115005,0.9340211949699648
115006,0.2664830462443375
115007,0.8199301768931526
115008,0.7024710441653798
115009,0.3638814668024327
115010,0.392154809876739
115011,0.35673736738105455
115012,0.795191836253582
115013,0.39653665241344993
115014,0.7728285602908871
115015,0.7888274678213398
115016,0.932919898924844
115016,0.932919898924844
115017,0.7308306238759298
115018,0.34552605937073066
115019,0.5785117143080738
115020,0.4212294433811282
115021,0.9413151080057756
115022,0.6055100782755662
115023,0.7707784726946811
115024,0.4091210731011993
115025,0.10143456132114159
115026,0.6568291943019043
115027,0.7735359456769118
115028,0.6556724050661625
115029,0.6845336132742781
115030,0.8681416573490559
115031,0.8005398259014216
115032,0.768023436597145
115033,0.6374491773443735
115034,0.8270507612271827
115035,0.562416222174692
115036,0.6833738652673464
115037,0.8836883665514581
115038,0.9011349492183822
115039,0.7379771670020687
115040,0.36476056812001034
115041,0.13086274113603802
115042,0.694481345387942
115043,0.23392153284209172
115044,0.2963543036259455
115045,0.3203460110458902
115046,0.2528256412982025
115047,0.7050777491549769
115048,0.8802820120669994
115049,0.48728349853975506
115050,0.7944671810519801
115051,0.3586081108396614
115052,0.8587512096118921
115053,0.5217417941354479
115054,0.6888375244157363
115055,0.6967593064707498
115056,0.6989352779636886
115057,0.9242242689640446
115058,0.31406571972708286
115059,0.7302507827875359
115060,0.9386569766441458
115061,0.3704907312273179
115062,0.3249900785589428
115063,0.763759255984274
115064,0.7090462622223163
115065,0.8240301130234982
115066,0.7534269692683337
115067,0.30636254923340134
115068,0.7068691804870871
115069,0.6287703669370833
115070,0.799915216630658
115071,0.33032683792762174
115072,0.6997560685923734
115073,0.4136434857284279
115074,0.7608238021873577
115074,0.7608238021873577
115075,0.3830420369648786
115076,0.47676724019117767
115077,0.3837385180728724
115078,0.7410634787338984
115079,0.8752059024234397
115080,0.27858859882742526
115081,0.7675076418538238
115082,0.6905318424558103
115083,0.37096094786443934
115084,0.370768862906546
115085,0.8718191022644417
115085,0.8718191022644417
115086,0.4753979821351546
115087,0.3802949308997927
115088,0.6760230071277109
115089,0.3278362382749903
115090,0.49682222771799744
115091,0.9514766659690959
115092,0.42307409055162915
115093,0.6710866532468938
115094,0.6129069559096936
115095,0.19564848938217705
115096,0.7940778185820516
115097,0.886441471840561
115098,0.16319199027754194
115099,0.8028302090110612
115100,0.7691128969818763
115100,0.7691128969818763
115101,0.8966830731341566
115102,0.37409725288318296
115103,0.8261356204110848
115104,0.37566567855624455
115105,0.7893137593138041
115105,0.7893137593138041
115106,0.771504407948493
115107,0.47775839198147463
115108,0.888293886118034
115109,0.2697954751781315
115110,0.298498809074247
115111,0.2080061095781629
115112,0.5061337612762759
115112,0.5061337612762759
115113,0.780008178291939
115114,0.8128379879902661
115115,0.6793347952449336
115116,0.5219207643417023
115117,0.4411831559874373
115118,0.6832441741279547
115119,0.7423180929437597
115120,0.8866261689366194
115120,0.8866261689366194
115121,0.916607408898465
115122,0.7631235222594096
115123,0.6703458813340906
115123,0.6703458813340906
115124,0.8627829473458758
115125,0.836117481346786
115126,0.7713807930482657
115127,0.9375166043351768
115127,0.9375166043351768
115128,0.7517776656455188
115129,0.9023215189395264
115130,0.8536502486452385
115131,0.6880981385171099
115132,0.9044355090010823
115133,0.9135274452592621
115134,0.8490528668512068
115135,0.3105809231787263
115136,0.4780739329742463
115137,0.6576305129013911
115137,0.6576305129013911
115138,0.6792009353772546
115139,0.3862137818173611
115140,0.3839735888719765
115141,0.767308963747309
115142,0.45771612440876686
115143,0.9168069611345857
115144,0.861602248320536
115145,0.8703554251033163
115146,0.47492013255838894
115147,0.1944368756666528
115148,0.6787156084087723
115148,0.6787156084087723
115149,0.5380240246583161
115150,0.33689638119807597
115151,0.2517995976063263
115152,0.27023605012095675
115153,0.3689624073342367
115154,0.2940716489340348
115155,0.4229561756520306
115156,0.2679924295771803
115157,0.7294697919161799
115158,0.7216691825995967
115159,0.7790860972281259
115160,0.918428574086803
115161,0.8324604189091894
115162,0.8521619515185139
115163,0.24259729412969044
121001,0.3846792274125421
121002,0.2878937525179941
121003,0.9113457022451207
121004,0.7310808360241595
121005,0.6489895626020403
121005,0.6489895626020403
121006,0.9206063474906118
121007,0.5022956384778954
121008,0.36442905407721804
121009,0.3289619802703423
121010,0.33345062151373805
121011,0.792448756936154
121012,0.13779021404531056
121013,0.9367142401123765
121014,0.7271936831922893
121015,0.731886355739729
121015,0.731886355739729
121016,0.7554491240214679
121017,0.4086167802547216
121018,0.7486344913757872
121019,0.6963433689003985
121019,0.6963433689003985
121020,0.2896467506681577
121021,0.38791348830506756
121022,0.6775526597630499
121023,0.9287150874862388
121024,0.7873218076805935
121025,0.8520601947973296
121026,0.8591904697316388
121027,0.9447856529184987
121028,0.3770378153765116
121029,0.28599155540351673
121030,0.2693133048884121
121031,0.8921127218298214
121032,0.3784338582637379
121033,0.47676754663660315
121034,0.7106071532442858
121035,0.8566679637682906
121036,0.8310131748295121
121037,0.3335548231634171
121038,0.6426042704869468
121039,0.3374254178472418
121040,0.2849072629617717
121041,0.7679213321999814
121042,0.808490855815739
121043,0.7940732830717072
121044,0.936235106989348
121045,0.2516883004642484
121046,0.774143678099368
121047,0.345391644276262
121048,0.202659310825951
121049,0.920010238952994
121050,0.7882730913001874
121051,0.3393300153537834
121052,0.7818717832077506
121052,0.7818717832077506
121053,0.8615259151094286
121054,0.7170464801782088
121055,0.8929569604369133
121056,0.8592579790705834
121057,0.7674396930582438
121058,0.802149971463281
121059,0.42036239959529986
121060,0.7066456074746337
121060,0.7066456074746337
121061,0.6603218608245252
121062,0.8273254722177121
121063,0.713727878037543
121063,0.713727878037543
121064,0.3106744970470936
121065,0.8899609129298408
121066,0.7902782077559323
121067,0.8394001756588453
121068,0.5872991112554067
121069,0.39792339319911396
121070,0.5782215223546333
121071,0.7053061942902995
121071,0.7053061942902995
121072,0.46260230613407405
121073,0.6901950423053064
121074,0.41364780959204706
121075,0.8360609248560963
121076,0.4259504046295063
121077,0.7050478862670091
121078,0.8923347659935134
121079,0.873308074381559
121080,0.8069331707541878
121080,0.8069331707541878
121081,0.735811692306273
121081,0.735811692306273
121082,0.5688611715911529
121083,0.6786161975629885
121083,0.6786161975629885
121084,0.4804298162654256
121085,0.7974073390818486
121086,0.6509310183400248
121087,0.8868720192761624
121087,0.8868720192761624
121088,0.6866647312862512
121089,0.7733862335053665
121090,0.7733216156785327
121091,0.6382763553108329
121091,0.6382763553108329
121092,0.8430214824947136
121093,0.871527742520615
121094,0.8789052813350363
121095,0.7016249533819967
121096,0.3072836382077615
121097,0.7370662029026821
121098,0.8809874426770034
121099,0.7360842766305317
121100,0.49213165339984655
121101,0.9426861711703948
121102,0.8695011654106648
121103,0.816698075895383
121104,0.8044347152157953
121105,0.7305460666294887
121106,0.8362256711823929
121107,0.8811269266679831
121108,0.32516576582272916
121109,0.4118270150107519
121110,0.7602373312231928
121111,0.9254196186057108
121112,0.7661978099415022
121112,0.7661978099415022
121113,0.2730131890543397
121114,0.32092000983515945
121115,0.36270512644072694
121116,0.8349224543071307
121117,0.9510723906446904
121118,0.7898402683766381
121119,0.7943223554835956
121120,0.6623049004079125
121121,0.13365628327137669
121122,0.7112825702654622
121123,0.3437399363907965
121124,0.7175313708918839
121125,0.8287809698438877
121125,0.8287809698438877
121126,0.6306068320282303
121127,0.2703313250523314
121128,0.26043641294650566
121129,0.7079558104343462
121130,0.7068140869995962
122001,0.48057725451858924
122002,0.6795884005464239
122003,0.26188751610655847
122004,0.28425617392387303
122005,0.3750596137268368
122006,0.27016033387772465
122007,0.39499961774869796
122008,0.8353997071297945
122009,0.6918544735709011
122010,0.23857947977812954
122011,0.28912825469870895
122012,0.24551294536280188
122013,0.6659661942407188
122014,0.6524174535832319
122015,0.2453101016797462
122016,0.41746021326705574
122017,0.345760615371569
122018,0.7793896193347036
122019,0.5444228668507639
122020,0.7709797719810324
122021,0.8359128024549702
122022,0.8646379855907995
122023,0.8197040406070291
122024,0.4412031243965261
122025,0.7548238997332567
122026,0.6317914667564102
122027,0.7731728224931991
122028,0.40267374250063803
122029,0.7080255366354165
122030,0.7236876809459001
122031,0.687511233312307
122032,0.5880151646886214
122033,0.4125966119862754
122034,0.37345385100570716
122035,0.6965559656640035
122036,0.7665765231253376
122037,0.19448739400634896
122038,0.8389224979844943
122039,0.7951133130165728
122040,0.7282204521803195
122041,0.7901723763154169
122042,0.6838536530485517
122043,0.36579106823261887
122044,0.36161381708705
122045,0.8565097763481693
122046,0.9941921203924835
122046,0.9941921203924835
122047,0.4624876940562277
122048,0.5535107282806286
122049,0.3634187416707355
122050,0.7092034149761315
122051,0.7995717954519657
122052,0.43187156548948546
122053,0.2632781435280992
122054,0.8403532174838853
122055,0.6256222150408774
122056,0.8206404111072694
122057,0.8352699965582129
122058,0.7378871141701652
122059,0.35175938380046445
122060,0.3992825966531621
122061,0.7432976314806921
122062,0.12874282402276138
122063,0.2332446750074525
122064,0.6688450846213205
122065,0.2765897356459128
122066,0.5145296513345696
122067,0.4900424675191911
122068,0.8806436952470026
122069,0.9412736280837439
122070,0.8111288631554159
122071,0.8814454032276731
122072,0.16593046696785207
122073,0.7007257583396819
122074,0.426910561149597
122075,0.9377217704380072
122076,0.7286072034039469
122077,0.36903581900344107
122078,0.6791408438115284
122079,0.9010764285076666
122080,0.47899904461308196
122081,0.7149039434344526
122082,0.8424512523525748
122082,0.8424512523525748
122083,0.7542537864089545
122083,0.7542537864089545
122084,0.627463514164549
122085,0.7258027778453569
122086,0.9106448592424601
122087,0.6951229350447059
122087,0.6951229350447059
122088,0.40536695923515265
122089,0.8913658726559129
122090,0.36052296214889246
122091,0.7524329229953273
122092,0.5449756610176568
122093,0.7112289074738123
122093,0.7112289074738123
122094,0.3459033566666706
122095,0.20144736036886335
122096,0.8337363107570173
122097,0.4221314491780226
122098,0.9353858390936712
122099,0.31479735655991314
122100,0.7881338192991902
122101,0.21948302236149264
122102,0.8859817689879911
122103,0.7694830711786858
122104,0.7338236669308776
122105,0.8516333193754466
122106,0.42147420835886895
122107,0.6729430077648827
122108,0.5878071935220571
122109,0.9146431212376688
122110,0.9066295518287858
122111,0.4668619542794268
122112,0.3409969723748879
122113,0.7067379054545582
122114,0.7604217398210638
122115,0.29932396415707163
122116,0.7391056000452325
122117,0.9114678788885833
122118,0.4472912019751599
122119,0.4588462042636371
122120,0.6696531278967837
122121,0.8782838966329028
122122,0.43356986784876583
122123,0.8196844553643238
122124,0.9230379665341238
122125,0.8904911373452347
122126,0.8666862983614652
122127,0.31590684959228477
122128,0.7734951257189974
122129,0.8303604712167691
122130,0.9113278803955074
122131,0.8194295259964461
122131,0.8194295259964461
122132,0.41009544502044004
122133,0.7518055232131092
122134,0.34109440240365085
122135,0.5257020239207413
122136,0.4143121267785098
122137,0.7392745885329608
122138,0.5377111501824706
122139,0.3524827353815623
122140,0.785395347013244
122141,0.7729375924936459
122142,0.4557236902437397
122143,0.8218819478746953
122144,0.8773982995091195
122145,0.819570797698115
122146,0.3364470876147525
122147,0.23542940789969247
122148,0.2725041132572332
122149,0.7450492859755307
122150,0.2580819610437104
122151,0.7944692762235523
122152,0.6758337024696203
122153,0.7030940900468079
122154,0.7083377055288835
122155,0.2426399568394646
122156,0.31803832734182547
122157,0.5480704302111196
122158,0.45429642966515404
122159,0.806600848448853
122160,0.26119763779585903
122161,0.6152709816787583
122162,0.7928087909191106
122163,0.56695926023382
122164,0.38914754752727554
122165,0.8564958199223314
122166,0.9012406007239574
122167,0.8026422183367462
122167,0.8026422183367462
122168,0.66479898676123
122169,0.3475998543436887
201001,0.7718494342560829
203001,0.8890429057036747
211001,0.39591543268966445
211002,0.5874848551489606
211003,0.4943698502210916
212001,0.6740115500238071
212002,0.2818148152718919
212003,0.7758971511864922
212004,0.4581428709672163
212005,0.6964798537076369
212006,0.6511579875337838
212007,0.8132183675983302
213001,0.6618958204039197
213002,0.7480619826980408
213003,0.6547338907079794
213004,0.8160893024414699
213005,0.4340643738457465
213006,0.4501313137521362
213007,0.8249355924663007
213008,0.6408577139859672
213009,0.6503196535092007
213010,0.8124991136985623
213011,0.6359077562895481
213012,0.741573713519672
213013,0.3979080179819686
213014,0.6630735869598181
214001,0.5032633179668082
214002,0.4392924877914941
214003,0.5290982888800605
214004,0.39484455380716676
214005,0.36459902369925223
214006,0.6838855164176556
214007,0.6478080103660382
214008,0.6206989887914753
214009,0.6259982702148686
214010,0.6323459799923572
214011,0.45738885410351393
214012,0.7447308685093353
214013,0.7940947665026099
214014,0.49981625351416714
214015,0.8692907990416863
214016,0.5656318293578594
214017,0.48090138245419234
214018,0.31749922598261615
214019,0.6615813152661763
214020,0.7611459585388778
214021,0.3883617318397963
215001,0.8593103539399508
215002,0.5345058355061844
215003,0.7769316411768431
215004,0.7809572682271347
215005,0.638627389762751
215006,0.8133850092134541
215007,0.7587302523024388
215008,0.4057045036430338
215009,0.36487766619430617
215010,0.7325375198584111
215011,0.40819006829297877
215012,0.8364219813202075
215013,0.4636931971966882
215014,0.6099634442906828
215015,0.7216135952599014
215016,0.6711388331339262
215017,0.9168776716569715
215018,0.609627686066827
215018,0.609627686066827
215019,0.6739039016617767
215020,0.7067866098000035
215021,0.38452644568103567
215022,0.4281155753075563
215023,0.8842785177361492
215024,0.5682249718680372
215025,0.5770486792270383
215026,0.710288896982807
215027,0.42100710117853213
215028,0.39277039043320316
215029,0.4944430688861209
215030,0.8823656977353038
215031,0.7367747170324639
215032,0.547945612468203
215033,0.6102888390808481
215034,0.77639721984692045
215035,0.8632675498584736
215036,0.3666462736904773
215037,0.888991301703687
215038,0.8627028528951789
215039,0.7363133497373096
215040,0.5837727967638388
215041,0.6202084389338485
215042,0.829938495550579
215043,0.7242623589675203
215044,0.7081635790663545
215045,0.829347513343617
215046,0.6330414321631563
215047,0.6054107593869549
215048,0.5119188070150168
215049,0.485996103443043
215050,0.2870593746821849
215051,0.6430358034981511
215052,0.710894844277221
215053,0.6399230400398026
215054,0.4786145596798368
215055,0.42993377998967275
215056,0.5241395301460896
215057,0.4230411005115481
215058,0.4185332417846699
215059,0.4206235188070998
215060,0.5913462992355688
215061,0.3136134506980466
215062,0.8322244902034532
215063,0.9747596667318995
215064,0.7879085588846313
215065,0.8856141398698063
215066,0.28336814373445895
215067,0.656553133747247
215068,0.2618116605835962
215069,0.461430045734768
215070,0.639204067875069
215071,0.6559012393146133
215072,0.3675535050167956
215073,0.9412564879811366
215074,0.6568593507619401
215075,0.4174739617366011
215076,0.8587519487363342
215077,0.6009407120480241
215078,0.47063901060069313
215079,0.6747536504301426
215080,0.44949168350813384
215081,0.649027697011126
215082,0.6480142933385283
215083,0.6388525274009966
215084,0.39007359377728146
215085,0.6822908060303812
215086,0.7360144944327458
215087,0.6877442355369818
215088,0.6128969973996775
215089,0.6566211326933556
215090,0.6303899779824838
215091,0.6496143614543266
215092,0.6529366929301137
215093,0.6431564935438129
215094,0.8210131225508331
215095,0.5753861769329928
221001,0.7399735358666173
221002,0.539460888578057
221003,0.4817251019453809
221004,0.3836412728319467
221005,0.8314106241338696
221006,0.5058957781992287
221007,0.3564361101900563
221008,0.7048260223567143
221009,0.39109538341352945
221010,0.5909056132879835
221011,0.727718281838686
221012,0.7935582666215485
221013,0.287152081092631
221014,0.8588694045093511
221015,0.7817264390625238
221016,0.5593985166086489
221017,0.5046784752401365
221018,0.3900920325598034
221019,0.3835151312296826
221020,0.5355680310147153
221021,0.606209205787733
221022,0.8698747263499044
221023,0.8433820511548946
221024,0.47527989425933626
221025,0.8036572185510429
221026,0.6319678496428152
221027,0.5249400275222309
221027,0.5249400275222309
221028,0.5223724728250334
221029,0.47706044262454084
221030,0.831599419535873
221031,0.7152841037440012
221032,0.635557030117536
221033,0.8907474168335312
221034,0.6331290652795336
221035,0.3403346270184552
221036,0.6646483875483751
221037,0.9188681562005212
221038,0.44718882083317013
221039,0.7080765221283702
221040,0.4710213428528428
221041,0.6389746837660084
221042,0.6457459541035511
221043,0.3301905558893843
221044,0.707153511923287
221045,0.7240037591171748
221046,0.7408134170825014
221047,0.8950270905522113
221048,0.5643096130049677
221049,0.7401333427528118
221050,0.8193131099117764
221051,0.7377273103126764
221052,0.49492759620881654
221053,0.4318980839329053
221054,0.6415337725567473
221055,0.8221800294417636
221056,0.5306612155111573
221057,0.7960527649174753
221058,0.7621855431164731
221059,0.4570226770090473
221060,0.3725922796782525
221061,0.8572723862709577
221062,0.9431006540456743
221063,0.7143482690850038
221064,0.49511943283932947
221065,0.3150826713588931
221066,0.6574744311088763
221067,0.8814566283433443
221067,0.8814566283433443
221068,0.41848339508801224
221069,0.7014590242642313
221070,0.7823547533627104
221071,0.8107961680045681
221072,0.591719089798378
221073,0.9118758387814856
221074,0.905093309176481
221075,0.4695195081350225
221076,0.41847226011309835
221077,0.7838305507793631
221078,0.6390102718952284
221079,0.36671428920774374
221080,0.4128022990682849
221081,0.6795292275854243
222001,0.46611257023307395
222002,0.8834192650657156
222003,0.5147774156149673
222004,0.564226107183396
222005,0.6494963428135577
222006,0.40158338349910394
222007,0.4049827800209579
222008,0.3582856934667935
222009,0.7157912141442846
222010,0.6106849857284962
222011,0.4534081879441425
222012,0.736534556674696
222013,0.653076492628431
222014,0.38005266429927487
222015,0.5666745177183892
222016,0.9044510501766082
222017,0.7967746589628096
222018,0.6225998896221758
222019,0.7682444269637427
222020,0.6477109969292165
222021,0.6956138527683658
222021,0.6956138527683658
222022,0.5930012213225777
222023,0.5233917795161269
222024,0.649755670667294
222025,0.43688068908064304
222026,0.5954097511651998
222027,0.3924488142904512
222028,0.6020993282718132
222029,0.5036060495519203
222030,0.41274453743661366
222031,0.40921671258487013
222032,0.6556957209086232
222033,0.4903001647970222
222034,0.6236237785749986
222035,0.4708309856752657
222035,0.4708309856752657
222036,0.5413506744605816
222037,0.4044073321597149
222038,0.5012363148518779
222039,0.5248134996883898
222040,0.4915764274284844
222041,0.623557019345307
222042,0.3875139207418571
222043,0.4099637381926088
222044,0.4315004450705966
222045,0.46802671049130684
222046,0.414654702463915
222047,0.8192294963178983
222048,0.5496212136882055
222049,0.39738903639436396
222050,0.6841828087815991
222051,0.5553638681320087
222052,0.5849277841886742
222053,0.7556169610263006
222054,0.4457985466767731
222055,0.696551374406173
222056,0.2775131622557019
222057,0.7974105140669266
222058,0.580354251289912
222059,0.4805714098792888
222060,0.581613970082624
222061,0.7418907295608239
222062,0.6806480008627516
222063,0.4637020219127582
222064,0.39830505307288244
222065,0.4118471844232148
222066,0.4676480594089273
222067,0.6337816306527224
222068,0.5101349137403289
222069,0.4139979481769195
222070,0.6494295810055719
222071,0.7715985787117743
222072,0.4578938926536559
222073,0.9431155354289209
222074,0.2791586969645081
222075,0.6549601735596339
222076,0.2980767951614557
222077,0.2977472719022606
222078,0.5593290087400404
222079,0.40101360797149277
222080,0.6844415082130966
222081,0.6498035097701229
222082,0.9523147750499409
222083,0.7468960576012782
222084,0.9501148679781323
222085,0.9081495325376434
222086,0.592220245614457
222087,0.40508506185075166
222088,0.3587497677519763
222089,0.5852324982742794
222090,0.8103967749087152
222091,0.4310063463983399
222092,0.9370729884292903
222093,0.47295235436248273
222094,0.45546501491193736
222095,0.8099552636238045
222096,0.5359066771406733
222097,0.9536692785768379
222097,0.9536692785768379
222098,0.570591555614387
222099,0.5515697256303355
222100,0.6675303744054966
222101,0.47574144579910604
222102,0.4015776614091636
222103,0.9197912490168924
222103,0.9197912490168924
222104,0.5122433066020478
222105,0.5815218152262666
222106,0.43813491213838796
222107,0.4157752626119424
222108,0.47322882625077223
222109,0.47309895845952943
222110,0.6217477117615926
222111,0.804611756253808
222112,0.6870855639267943
222113,0.40889207227225743
222114,0.6354195919719168
222115,0.5887939328561775
222116,0.7526820650454392
222117,0.3570202557157457
222118,0.4707357327157585
222119,0.8596928749485423
222120,0.629850858149049
222121,0.5590556828828487
222122,0.6136975519198301
222123,0.902288567861608
222123,0.902288567861608
222124,0.6905763437639219
222125,0.7684389256543719
222126,0.30982387279494705
222127,0.4283193248406375
301001,0.9450309461682702
302001,0.8544651282638032
303001,0.8431526054740588
303002,0.8881013390415583
303003,0.7967730654307792
303003,0.7967730654307792
311001,0.850307421053908
311002,0.7110031999366564
311003,0.5447790018137928
312001,0.7753551774978689
312002,0.8666014411550157
312002,0.8666014411550157
312003,0.8168060226897146
312004,0.7995261549284274
312005,0.3009433520092435
313001,0.8878555618816433
313002,0.9095418346380847
313003,0.4385769020486132
313004,0.4123005312260787
313005,0.6756136746924924
313006,0.7786259473188937
313007,0.5267437251090805
313008,0.8281584584560836
314001,0.908253854599391
314002,0.6624449995874013
314003,0.778676342622878
314004,0.6920373095454376
314005,0.559191806222511
314006,0.8707610919268111
314006,0.8707610919268111
314007,0.5404302102164921
314008,0.616233221920965
314009,0.32590807998286253
314010,0.7998230053366855
314011,0.6923238888458938
314012,0.5446739245141865
314013,0.9238551763542439
314014,0.4972853092721832
314015,0.6881701266334733
314016,0.4826159270121003
314017,0.2560365886657975
314018,0.9160538374993363
314019,0.7811313443058499
314020,0.8359949982565975
314020,0.8359949982565975
315001,0.7216919629828362
315002,0.7690136444960477
315003,0.8337071903947596
315004,0.7547102712694995
315005,0.8594423927584628
315006,0.20084100416058914
315007,0.8683158777940108
315008,0.8013453465326514
315009,0.4670999683153866
315009,0.4670999683153866
315010,0.6575371803939727
315011,0.8427672267283552
315012,0.9117390895485362
315013,0.7636344591268237
315013,0.7636344591268237
315014,0.917191493701628
315015,0.7215634422643054
315016,0.7123473804182995
315017,0.14634802702850924
315018,0.5184914777326707
315019,0.7217447816333187
315020,0.35891567070544816
315021,0.39721488227182145
315022,0.5305206731798848
315023,0.30355586486806396
315024,0.6098665577733322
315025,0.9102883408622761
315026,0.9319705203824621
315027,0.7634722030363431
315028,0.5569833760685401
315029,0.06571447848820489
315030,0.7490027303838718
315031,0.5852223296531947
315032,0.7894662970875361
315033,0.490423094138712
315034,0.8940768689935304
315035,0.6254322957997653
315036,0.7266718995598129
315037,0.5327952736771903
315038,0.8206162397460962
315039,0.9288535067825427
315039,0.9288535067825427
315040,0.9354023112937501
315040,0.9354023112937501
315041,0.8996706540175011
315042,0.7349893585042763
315043,0.807836158056373
315044,0.7612077077586119
315045,0.942538141773968
315046,0.7209585124595392
315047,0.7466687147435687
315048,0.6651629779941484
315049,0.6504683364765114
315050,0.5247586580725193
315051,0.6514469670441563
315052,0.8104864648571977
315052,0.8104864648571977
315053,0.647232832126936
315054,0.8019258965289152
315055,0.17145131624292242
315056,0.6943718720670248
315057,0.979101645702459
315058,0.6717588964836028
315059,0.7319510946779562
315060,0.7324538958014312
315061,0.5336970788691597
315062,0.5297177760873156
315063,0.32510279472194736
315064,0.4418671080378441
315065,0.7161872515394472
315066,0.5644611787175511
315067,0.775960526368801
315068,0.7388775229851565
315069,0.8880466540301696
315070,0.8400205052609258
315071,0.669435691835394
315072,0.48338450055533677
315073,0.48995768257271166
315074,0.5215566566271563
315075,0.5200160534257556
315076,0.9081728112581253
315077,0.5120111950655358
315078,0.8721768373051859
315078,0.8721768373051859
315079,0.7687073596735274
315080,0.49464923913272596
315081,0.748964867262113
315082,0.8393741447206166
315083,0.767003267466006
315084,0.9416060133696759
315085,0.737608198656923
315086,0.921094622363412
315087,0.7101382542385456
315088,0.9269382268834273
315088,0.9269382268834273
315089,0.7625846894415921
315090,0.8022779733507778
315091,0.20733484886672704
315092,0.4717479117975444
315093,0.9541114760951668
315093,0.9541114760951668
315094,0.4667957192606642
315095,0.9012328818886715
315096,0.7964040852489536
315097,0.7510416869843969
315098,0.7699887611048835
315099,0.7466551950855688
315100,0.8660104951921704
315101,0.5344285785042648
315102,0.5066799185322799
315103,0.8692051576661746
315104,0.7233427922635425
315105,0.531877567335076
315106,0.7705094133758608
315107,0.9808993551104693
321001,0.8709835134269049
321002,0.7748162910506463
321003,0.5354225444241179
321004,0.7049569483924217
321005,0.6388665772264421
321006,0.8546659629181984
321007,0.8794767749677936
321007,0.8794767749677936
321008,0.7380234901560914
321009,0.8624763475778419
321010,0.8120744365519387
321011,0.6231302972909276
321012,0.753391939988317
321013,0.7569942600254299
321014,0.1856713753428656
321015,0.5473491681697042
321016,0.5485445320448186
321017,0.792122458792016
321017,0.792122458792016
321018,0.7601511853796471
321018,0.7601511853796471
321019,0.8838540635029217
321020,0.7000402962354673
321021,0.7644953439830438
321022,0.777529692819819
321023,0.5315992333560019
321024,0.8621323178418132
321024,0.8621323178418132
321025,0.7490480284444345
321026,0.42750291581462974
321027,0.958403304088392
321027,0.958403304088392
321028,0.6669397670666679
321029,0.7329463407713429
321030,0.8367825250549447
321031,0.9450182858874859
321032,0.6626787251023905
321033,0.7349591067495548
321034,0.7709346268320837
321035,0.7312002939956437
321036,0.9477754022278659
321037,0.9300686429890559
321038,0.7526176501920241
321039,0.7299428939901005
321040,0.7937899469947305
321041,0.6523990460767477
321042,0.6963536605418161
321043,0.5612102553428389
321044,0.6916120920100872
321045,0.6515511354641749
321046,0.8104502980834797
321047,0.6868438150021821
321048,0.7749639037216589
321049,0.8009930601361903
321050,0.5245370211044624
321051,0.5371121449763027
321052,0.5822588304514433
321053,0.6214084228097854
321054,0.7531581326973382
321055,0.884509426841964
321056,0.907498524231761
321057,0.3186048676698241
321058,0.4025349423972936
321059,0.40723911151046477
321060,0.6652161576468659
321061,0.819901975755983
321062,0.8075101541523884
321063,0.5456650261769616
321064,0.861289714739656
321064,0.861289714739656
321065,0.6498202487544953
321066,0.7438213892036138
321067,0.8679683032132414
321067,0.8679683032132414
321068,0.6398577377934821
321069,0.7583080902575178
321070,0.7778576006624529
321071,0.731170171251851
321072,0.7136685326643837
321073,0.6837615634316091
321074,0.8453127709299183
321075,0.6988223494144647
321076,0.8439530134918581
321077,0.2219697240238312
321078,0.8187439279653961
321079,0.908867905357392
321080,0.7220461784352392
321081,0.8354613024561012
321082,0.8399135301381615
321083,0.6887859850035081
321084,0.7548217147283008
321085,0.8550038207176969
321086,0.6617931218348074
321087,0.6543215269062291
321088,0.9227013393631902
321089,0.7977269950382244
321090,0.5555009231924122
321091,0.0644462649386176
321092,0.6287149103516145
321093,0.2539961377154687
321094,0.7977895135341574
321095,0.3776159249540999
321096,0.7788825827912718
321097,0.37649624558017936
321098,0.9113485072782723
321098,0.9113485072782723
321099,0.746735367075088
321100,0.8671263415790622
321101,0.877088831624822
321102,0.36127772834460614
321103,0.8020242091100281
321103,0.8020242091100281
321104,0.3544706722627724
321105,0.3727489096567629
321106,0.3871937774454207
321107,0.7254436605857435
321108,0.6548356300722991
321109,0.6722309819619382
321110,0.6685247797351359
321111,0.6042337838103706
321112,0.954841696340757
321112,0.954841696340757
321113,0.4592228568481568
321114,0.8582423676647613
321115,0.17880298978510223
321116,0.5609629643982642
321117,0.7079787033683623
321118,0.8195186531599205
321119,0.8504298136842164
321120,0.4632306079964136
321121,0.7743865462787318
321121,0.7743865462787318
321122,0.525884634806381
321123,0.6859866162665271
322001,0.7942862804136053
322002,0.28412533134864537
322003,0.8657992204669378
322004,0.93402251387705
322005,0.2310133330570826
322006,0.9605290006640086
322007,0.18737161943768055
322008,0.8322867473176786
322009,0.7674563645398376
322010,0.5063276558016243
322011,0.7032472997567467
322011,0.7032472997567467
322012,0.8283733324900806
322013,0.8242826959018794
322014,0.45119803081250376
322015,0.8370064259149501
322015,0.8370064259149501
322016,0.48336048898764794
322016,0.48336048898764794
322017,0.8872839450386721
322018,0.8458645463843854
322019,0.8414249794330285
322020,0.15328855228718596
322021,0.6741007845534646
322022,0.6600333220127995
322023,0.8626344407328727
322024,0.8620923173106746
322025,0.8755290437757254
322026,0.8271744677906847
322027,0.4360802193716965
322028,0.9209448131464462
322029,0.68043865115326585
322030,0.6960521899548924
322031,0.8937440933939564
322032,0.5952244391533255
322033,0.17873563944692483
322034,0.9641094626552016
322035,0.516426689076126
322036,0.49632948956420775
322037,0.782697273957176
322037,0.782697273957176
322038,0.7928046432348269
322039,0.9398489921835322
322040,0.7520918441731765
322041,0.7952094963079098
322042,0.6962844678022113
322043,0.878756942806258
322044,0.6362131117835053
322045,0.35255176860349835
322046,0.8209281819064354
322047,0.5452946265954468
322048,0.525217119806495
322049,0.8768447518235885
322049,0.8768447518235885
322050,0.5366778200948721
322051,0.8800478513909495
322052,0.8406374340789884
322053,0.921893496047796
322054,0.7072087760857193
322055,0.8762415659954554
322056,0.9611727249801514
322056,0.9611727249801514
322057,0.6709444804527707
322058,0.8571172352701449
322058,0.8571172352701449
322059,0.28619234090171797
322060,0.2835294373219396
322061,0.8084308582605628
322062,0.6781977340475538
322063,0.8910260745027778
322063,0.8910260745027778
322064,0.5818001751208933
322065,0.962086580982589
322066,0.8565116276184493
322067,0.6624392350376386
322068,0.9556490956915756
322069,0.9212578011022269
322069,0.9212578011022269
322070,0.9437462963717682
322070,0.9437462963717682
322071,0.9507162576549073
322071,0.9507162576549073
322072,0.9631804669447266
322073,0.8067346527698517
322073,0.8067346527698517
322074,0.5392680095597722
322075,0.8727276865095777
322076,0.6648426987714717
322077,0.7477614625312634
322078,0.7625262957718425
322079,0.5482833143606607
322080,0.790783473417363
322080,0.790783473417363
322081,0.7573923108349889
322082,0.7573169752979675
322083,0.5811383956054494
322084,0.8632681897820249
322084,0.8632681897820249
322085,0.5647616062559295
322086,0.6590048123812076
322087,0.6114817030276718
322088,0.8956636718932504
322089,0.8897113348168025
322090,0.7711549077007172
322091,0.7677499329828547
322092,0.7645384186170583
322093,0.7312024798787959
322094,0.9609360632520166
322094,0.9609360632520166
322095,0.6098831639656371
322096,0.88392480547104
322097,0.4821309237494854
322098,0.9200965294948754
322098,0.9200965294948754
322099,0.8534368829536239
322099,0.8534368829536239
322100,0.8023802815339579
322100,0.8023802815339579
322101,0.6024987306747793
322102,0.9519585805938623
322103,0.7207557850480257
322104,0.8257922505968595
322105,0.5077907916948095
322106,0.7147588015857728
322107,0.8908888516991832
322107,0.8908888516991832
322108,0.23962091106356154
322109,0.21286950544479621
322110,0.7398487306428243
322111,0.6601140174202365
322112,0.8185299781005233
322113,0.5549232105241348
322114,0.03455483715682128
322115,0.695792436997586
322116,0.4515789534131769
322117,0.701428350813599
322117,0.701428350813599
322118,0.696633124888412
322119,0.8092347944117928
322119,0.8092347944117928
322120,0.7825473965067493
322121,0.76068509882517
322122,0.8355700114683797
322123,0.8790051049526613
322123,0.8790051049526613
322124,0.6758056970669952
322125,0.7897757579575825
322125,0.7897757579575825
322126,0.27504716328075396
322127,0.3479778908137394
322128,0.9893869232147304
322129,0.7910854635873057
322130,0.7526519671895325
322131,0.7954907329705025
322132,0.5544808262501701
322133,0.3642185811351014
322134,0.9922602545033222
322135,0.28362678323803736
322136,0.32098078153841325
322137,0.5158729853539024
322138,0.7851960551600364
322139,0.597968519843038
322140,0.9313143411195396
322141,0.3477179303333774
401001,0.8255332611047972
412001,0.7230897773582436
412002,0.7387871926973921
412003,0.8913275727890255
412004,0.7639468675199114
413001,0.7334345238507131
413002,0.6766026837681958
413003,0.6015018768443661
413004,0.9426968740913275
413005,0.8717273966453573
413006,0.8177453681529102
414001,0.6299686539249005
414002,0.7040960361620364
415001,0.6248442547180001
415002,0.7700663329724464
415003,0.7044253515817385
415004,0.7045592243950467
415005,0.4049605568201351
415006,0.3979374244495315
415007,0.5409416783635906
415008,0.8308786643883264
415009,0.6210219368065257
415010,0.28182486224293746
415011,0.7173378748921608
415012,0.6679073694747109
415013,0.7048284538743512
415014,0.6291033583588677
415015,0.7768742888594501
415016,0.6244077113713649
415017,0.8802476200006416
415018,0.9457700544556984
415019,0.7651220113639738
415020,0.7018573871626647
415021,0.41473186096384296
415022,0.679516478829405
415023,0.7239233203081217
415023,0.7239233203081217
415024,0.5865489187258455
415025,0.752204920737252
415026,0.7726733412400115
415027,0.7705696711046729
415028,0.8489409617430361
415029,0.7715383505527273
415030,0.6744669121187916
415031,0.5655236603772422
415032,0.7763417876154179
415033,0.6043839692441662
415034,0.5752562131914739
415035,0.7121042884523547
415036,0.3800805329070638
415037,0.8965044621212493
415038,0.39269225515649286
415039,0.8012599380986742
415039,0.8012599380986742
415040,0.6215440811642802
415041,0.6480262961514012
415042,0.775485761950268
415043,0.7895199363489733
415044,0.4536828712531268
415045,0.8330975605314352
415046,0.6907872297251312
415047,0.7906337446145006
415048,0.6964133164851036
421001,0.393045842061304
421002,0.6906965026393936
421003,0.6775444535140585
421004,0.5460027770141833
421005,0.7447834027205801
421006,0.6948694029157386
421007,0.8942471014861428
421007,0.8942471014861428
421008,0.7133928828292515
421009,0.6985740077622052
421010,0.6906094991323792
421011,0.5714232653622388
421012,0.6965312797110776
421013,0.6429565480971833
421014,0.7022509238291337
421015,0.6649303922927963
421016,0.7590871661449391
421017,0.6425071460029027
421018,0.5947483130672122
421019,0.5777521222187896
421020,0.48723759227392305
421021,0.4061323656019227
421022,0.6899136961658907
421023,0.7032520580747821
421024,0.697145664660258
421025,0.7898317216662218
421026,0.7285870150309319
421027,0.7526771183602962
421028,0.650007685686179
421029,0.640739029414493
421030,0.7410894617570614
421031,0.6002912865048518
421032,0.3775099665364875
421033,0.43635078482163725
421034,0.8541402875939024
421035,0.9031112853279765
421036,0.8461778625560218
421037,0.14868140988360357
421038,0.6095474741657199
421039,0.7050133759173117
421040,0.7511761918810068
421041,0.7434948932350245
421042,0.8234708596470965
421043,0.5818266478078016
421044,0.7865436209091574
421045,0.7655628981887048
422001,0.826436382622534
422002,0.8432087006993397
422003,0.14679373163794673
422004,0.9542542557734337
422005,0.9091865565341825
422006,0.6204812073976009
422007,0.93808408345201455
422007,0.93808408345201455
422008,0.5121727867110779
422009,0.6498955876149276
422010,0.6824339572437756
422011,0.8492808978563186
422012,0.7143112340768338
422013,0.6445932985137244
422014,0.791329717245258
422015,0.691823273692913
422016,0.7137209515880674
422017,0.7638768987280385
422018,0.40919074361129193
422019,0.8401767377814631
422020,0.6264826870951248
422021,0.8818553714219082
422022,0.8486659467480826
422023,0.5636745745990651
422024,0.16572465699313255
422025,0.6608789160387342
422026,0.5473902501874723
422027,0.7128726745202856
422028,0.7283556507562603
422029,0.6342634745280253
422030,0.18293573075280756
422031,0.48056637520434664
422032,0.7213817383215162
422033,0.6762634684852662
422034,0.8034902788271063
422035,0.5560125914364391
422036,0.8693326909167094
422037,0.842189622510023
422038,0.6562914142723297
422039,0.939762713100682
422040,0.8171056881191341
422041,0.8130556365691222
422042,0.8277037003399188
422043,0.6905605062851018
422044,0.5998263738305676
422045,0.7004058404679173
422046,0.9173005351222907
422047,0.6104839148965353
422048,0.6354234280915352
422049,0.5271692107032014
422050,0.7717503012196428
422051,0.6628499118420754
422052,0.5932151649354205
422053,0.5961717806276525
422054,0.8223458353795613
422055,0.6998374051256199
422056,0.7116489128171015
422057,0.7349023511968166
422058,0.7409217701197013
422059,0.45081822801447136
422060,0.7574503544474369
422061,0.6061827082389902
501001,0.9007253518623449
511001,0.9203429504105826
512001,0.8565150863051603
512002,0.8990801253048982
512003,0.7999780242144743
512004,0.6710682258116101
512005,0.3003563990898416
513001,0.7973649118758187
513002,0.8609276378775604
513003,0.8768785720641064
513004,0.8107226315873728
514001,0.6458659314033934
514002,0.8592532328982229
514003,0.8242264233291637
514004,0.2887999065419805
514005,0.5888200732854177
515001,0.7735000138093762
515002,0.5758585506931635
515003,0.738596679341257
515004,0.7472459048881441
515005,0.92835630864515
515006,0.8637528635195635
515006,0.8637528635195635
515007,0.9410486711787942
515008,0.8391208169725946
515009,0.7113151000309507
515010,0.6422005179462522
515011,0.8136412768365201
515012,0.7839294687445525
515013,0.4138169906770449
515014,0.6958847442185299
515015,0.8823954186204622
515016,0.8949225639700397
515017,0.33886423134239607
515018,0.491017225573785
515019,0.6499823983739694
515020,0.6170170255343723
515021,0.3664059613866847
515022,0.5801307222000733
515023,0.675494589871975
515024,0.46098893969587873
515025,0.356128848819531
515026,0.7763715555403832
515027,0.7864703777541426
515028,0.4065784065733693
515029,0.7644881620120693
515030,0.4406389237795628
515031,0.692768076126073
515031,0.692768076126073
515032,0.838584868726844
515033,0.8023451284179673
515034,0.5739360878719899
521001,0.6672250242509343
521002,0.916433650491409
521003,0.645302995068407
521004,0.18766349953810313
521005,0.5409609116119485
521006,0.9123336403067697
521006,0.9123336403067697
521007,0.5755637535490428
521008,0.7708113949435611
521009,0.5579983530228467
521010,0.5130879286504484
521011,0.38202931965152864
521012,0.7642748988485689
521013,0.7836587576953395
521014,0.7451202900723979
521015,0.7112655298942081
521016,0.3164933973283234
521017,0.4061423672840435
521018,0.7625366106328058
521019,0.49111466776028356
521020,0.45758931472345843
521021,0.7686303821991156
521022,0.7034169052203112
521022,0.7034169052203112
521023,0.6813016338769649
521024,0.9243741912700558
521025,0.5363125780546985
521026,0.5297432940568435
521027,0.3289097968157835
521028,0.9285371709699378
521028,0.9285371709699378
521029,0.7023689644936315
521030,0.3378977569425069
521031,0.42805104528659
521032,0.510082159025038
521033,0.9183899979050735
521034,0.1119080968198285
521035,0.168745049044278
521036,0.8815875430617561
521037,0.6892173469991112
521038,0.21081904468941248
521039,0.5125806102429936
521040,0.291837241746041
521041,0.7136439351457609
521042,0.744296357019437
521043,0.441988473983982
521044,0.6804079757603883
521045,0.9727194143236255
521046,0.806010366487822
521046,0.806010366487822
521047,0.6041704940452831
521047,0.6041704940452831
521048,0.6766261625070835
521049,0.49218885388417266
521050,0.4705582766851747
521051,0.8071008594890878
521052,0.7239196049628298
521053,0.3230698158350781
521054,0.6205287523820295
521055,0.49702227584476244
521056,0.6982660433605177
521057,0.6652397389789064
521058,0.7977113329924566
522001,0.6282845833767918
522002,0.8992889828113974
522003,0.40115616784489416
522004,0.8559337574475182
522005,0.7770176209043166
522006,0.8829911604986725
522007,0.5148711438045603
522008,0.7416922147129652
522009,0.697445416924511
522010,0.7683205334437136
522011,0.5482849886832031
522012,0.9120994562666148
522013,0.676143743260361
522014,0.7571290046214146
522015,0.5999722179410201
522016,0.46318581011668414
522017,0.2677700291517944
522018,0.8040121504565331
522019,0.5255718327717154
522020,0.835353898600013
522020,0.835353898600013
522021,0.4928059281863151
522022,0.6848644429009467
522023,0.892349223714338
522024,0.606147229858591
522025,0.8341601565523379
522026,0.769388463934696
522027,0.6418822273539059
522028,0.26578183235290254
522029,0.8445332356160304
522030,0.6427723084451417
522031,0.07268912544929651
522032,0.39305884635880417
522033,0.41757366055100553
522034,0.406943865955252
522035,0.47032643886237013
522036,0.17961507360919893
522037,0.9268650586721977
522037,0.9268650586721977
522038,0.59328773975395
522039,0.5193863596545754
522040,0.22569671317530038
522041,0.6239875481020982
522042,0.3558190759184723
522043,0.5626701475125948
522044,0.6462796072178119
522045,0.360009399412209
522046,0.7294432089380538
522046,0.7294432089380538
522047,0.7643857656373368
522048,0.892267561132689
522049,0.6815920280291026
522050,0.547658480196632
522051,0.5586936755886236
522052,0.3104956445525038
522053,0.7929092364131402
522054,0.8444121311949325
522055,0.10582697004383868
522056,0.4578906432711286
522057,0.8868011902391163
522058,0.4274807030903631
522059,0.4961237790965438
522060,0.11329922439966411
522061,0.6914478864991713
522062,0.450739527762019
522063,0.667474080415312
522063,0.667474080415312
522064,0.4553642937730974
522065,0.41337466313247173
522066,0.12281534065924526
522067,0.9242544416727423
603001,0.8310366841662015
611001,0.9282527941911718
612001,0.9358961027656677
613001,0.7422217297596804
613002,0.9052589425676032
613002,0.9052589425676032
614001,0.8598317120010001
614002,0.748457257512394
615001,0.8604450373780808
615002,0.9219040010640103
615002,0.9219040010640103
615003,0.934959349353317
615004,0.7221516234315233
615005,0.9238444962344532
615006,0.7656137402618215
615007,0.8998440635169794
615007,0.8998440635169794
615008,0.8334130066773646
615009,0.9253954045325936
615010,0.9196990504074676
615011,0.9136388243710014
615011,0.9136388243710014
615012,0.7782970810407137
615013,0.9559290278916122
615014,0.9390995722886447
615015,0.8752073417754808
615016,0.7907245736492945
615017,0.9236157588726767
615018,0.8152668518487425
615019,0.773549874063707
615020,0.7790872065002689
615021,0.9417577082599106
615022,0.9328393850069697
615023,0.9071405438742715
615024,0.7196828284237964
615024,0.7196828284237964
621001,0.985322690687404
621002,0.6228818193353056
621003,0.9058145259100451
621004,0.732779745321184
621005,0.9487950228872043
621006,0.9207569337185556
621007,0.8287374914778227
621008,0.9004238285569884
621009,0.8804501297073584
621009,0.8804501297073584
621010,0.8400441336741675
621011,0.9095140298960325
621012,0.8429598590694423
621012,0.8429598590694423
621013,0.8951950295461892
621013,0.8951950295461892
621014,0.662629487034643
621015,0.8970901130768733
621016,0.9012720202576172
621017,0.8090395413906675
621018,1
621019,0.9124556494092562
621020,0.688562104183936
621021,0.8515618713976892
621022,0.8836032035695309
621022,0.8836032035695309
621023,0.9163460875116056
621024,0.788396362316971
621025,0.875711072519283
621026,0.9186397997973088
621027,0.8235522924356351
621028,0.9255947493556675
621029,0.9614655995171474
621029,0.9614655995171474
621030,0.7816146121144486
622001,0.7978099423005751
622002,0.915299193639557
622003,0.6805655883547331
622004,0.7190113274673713
622005,0.7143716989801925
622006,0.8224550627667933
622007,0.7880106557837421
622008,0.8251022862267163
622009,0.88494411942816
622010,0.8648700305073065
622010,0.8648700305073065
622011,0.9255123962657124
622011,0.9255123962657124
622012,0.9459699785904512
622013,0.9446612444430732
622014,0.8948658313052514
622015,0.8553875908337563
622015,0.8553875908337563
622016,0.7110539717628435
622017,0.9339518939826633
622017,0.9339518939826633
622018,0.9760329862654763
622019,0.8730889084423785
622020,0.7958963428460252
622021,0.9065278608934124
622022,0.7576587324452563
622023,0.9044544906390876
622023,0.9044544906390876
622024,0.7666605368928006
622025,0.9193506667066876
622026,0.6573263883840554
622027,0.702458651904248
622028,0.969801245626204
622028,0.969801245626204
622029,0.9196959341314117
622030,0.7188937985743047
622031,0.6866820467401233
622032,0.6334754763127597
622032,0.6334754763127597
622033,0.9005988678567787
622034,0.9317512086566224
622035,0.9194110832079625
622035,0.9194110832079625
622036,0.6516444312125933
622037,0.9599862041783294
622037,0.9599862041783294
622038,0.6593799858357365
703001,0.8851728252344979
712001,0.003681351068420602
714001,0.382591680474763
715001,0.898554180486643
715001,0.898554180486643
715002,0.650165106652125
715003,0.8745499221753138
715004,0.9237605956547352
715004,0.9237605956547352
715005,0.6100386356280285
715006,0.9115306147976163
715007,0.19600182689643153
715008,0.8104802279800658
715009,0.9097158060467586
715009,0.9097158060467586
721001,0.12924712223913704
721002,0.9421704090542911
721002,0.9421704090542911
721003,0.796343976043637
721003,0.796343976043637
721004,0.6683472066786418
721005,0.34603822875267987
721006,0.7552999295531115
721007,0.025805694284493086
721008,0.8118184716663152
721009,0.7851468084818495
721010,0.6146672750492829
721011,0.27852573672611014
721012,0.928166381967066
721013,0.7503045392005335
721014,0.013072101042897355
721015,0.3719793859564581
721016,0.9091099862011275
721017,0.03879158301431418
721018,0.09506644963817379
722001,0.6205870560055657
722002,0.2358009914988879
722003,0.004779138151646767
722004,0.1205820376793102
722005,0.036679758017057806
722006,0.36312620704986887
722007,0.6768825844018078
722008,0.37438504737967615
722009,0.4599063184834462
722010,0.18131344282132988
722011,0.2861319839553942
722012,0.005811360913759445
722013,0.3896891927040923
722014,0.06784327957609793
722015,0.026016439600956454
722016,0.36791717707056937
722017,0.8567598451705868
722018,0.47556752233372945
722019,0.903557670831449
722019,0.903557670831449
722020,0.10262893369031423
722021,0.6159579752126865
722022,0.7402885010004103
722023,0.035686771014917795
722024,0
722025,0.4648653387490731
722026,0.9539868477236203
722026,0.9539868477236203
722027,0.5604416995886886
722028,0.040167385984658965
722029,0.8420438138346628
722030,0.8423627758148553
722031,0.019755170878263728
722032,0.9036953117479681
722033,0.07199842436483517
722034,0.1794156576033089
722035,0.42984481852291145
722036,0.03279370493615019
802001,0.5163179839712604
822001,0.4993769770638762
922002,0.8764104544304787
922002,0.8764104544304787
