UCL_CODE11,score_internet
101001,0.8351729014420078
102001,0.8378416006558019
102002,0.9014032950589631
102003,0.8369827389833908
102004,0.8858590492377121
103001,0.7424859784410346
111001,0.7737787475336936
111002,0.8595569971465582
112001,0.810832187837868
112002,0.9127079859269018
112003,0.7551907656505483
112004,0.807697544033005
112005,0.7981908315112499
112006,0.7615182518192086
112007,0.7628936096803145
112008,0.7251014506677254
112009,0.7841048475528005
112010,0.8673353660578361
112011,0.8616383197550395
112012,0.7765756017530934
112013,0.8323440902463881
113001,0.8383294091934154
113002,0.7594029405425472
113003,0.7568667103756439
113004,0.9114133993347477
113005,0.7208998772013342
113006,0.802480053143996
113007,0.7657037472011357
113008,0.7400426820555185
113009,0.7231265496054838
113010,0.6773726159188209
113011,0.8857394065430736
113012,0.7807585621971237
113013,0.7224112938344517
113014,0.8315676643835481
113015,0.7972579473907055
113016,0.8246080381737739
113017,0.7279476713870163
113018,0.7524973988296109
113019,0.8411673410726348
113020,0.7463380124180332
113021,0.8010502220670649
114001,0.7962790503246426
114002,0.7012228725138145
114003,0.7602143618104975
114004,0.7280109331527634
114005,0.7576567670636131
114006,0.7118791239993528
114007,0.7077163146744265
114008,0.7087887587092097
114009,0.6916936300039153
114010,0.7177120798760775
114011,0.965331796792471
114012,0.7195527875979568
114013,0.7405604597085957
114014,0.9302389560488687
114015,0.8711593982649947
114016,0.8381657686029342
114017,0.6372464869292022
114018,0.8493020468794853
114019,0.7667601203664532
114020,0.7845120914791341
114021,0.7061829272041191
114022,0.7102315160567588
114023,0.8697986092574321
114024,0.8246080381737739
114025,0.765616807461054
114026,0.7948790124436954
114027,0.8826213112729967
114028,0.7125487227890869
114029,0.8088751543733608
114030,0.7697025288566626
114031,0.7411679286630453
114032,0.8079000500024915
114033,0.7440455376170275
115001,0.7363956097965682
115002,0.8663446813523383
115003,0.8212187848299546
115004,0.952591888921477
115005,0.8021769280247877
115006,0.6683615162497252
115007,0.8903867702144788
115008,0.8626523948374698
115009,0.7100387862954081
115010,0.732468862925835
115011,0.768240618830753
115012,0.7948790124436954
115013,0.7186570608891771
115014,0.794090502907871
115015,0.8637956453682913
115016,0.7815101759651106
115017,0.8226754795020478
115018,0.6543108819853907
115019,0.8766647295105288
115020,0.7787332464971333
115021,0.8212187848299546
115022,0.6892421132238548
115023,0.7962790503246426
115024,0.7134230600109833
115025,0.5636824528310841
115026,0.9182759831460674
115027,0.8051063877397466
115028,0.7443735033441449
115029,0.8757287828473517
115030,0.8234882544201777
115031,0.8402785512963858
115032,0.7551313288486596
115033,0.8930164538511248
115034,0.8826401746885841
115035,0.9161384557103412
115036,0.8748141985396941
115037,0.8903867702144788
115038,0.8184572198426606
115039,0.8395872926520856
115040,0.7424722787183418
115041,0.6836269944673011
115042,0.8940124347202398
115043,0.6372400922962721
115044,0.7985619312162692
115045,0.6776483542847651
115046,0.5750835709589799
115047,0.7222489298481587
115048,0.8021769280247877
115049,0.7558491446131895
115050,0.7542809444502634
115051,0.8156409096495333
115052,0.7815101759651106
115053,0.7507719873541666
115054,0.7293415799578599
115055,0.952591888921477
115056,0.8022201582532373
115057,0.7238359539441372
115058,0.9169293896729823
115059,0.720473579705217
115060,0.8246080381737739
115061,0.732468862925835
115062,0.7985619312162692
115063,0.6773726159188209
115064,0.9182759831460674
115065,0.9354792887096257
115066,0.871785775936987
115067,0.6730317893754036
115068,0.9182759831460674
115069,0.7323086482202104
115070,0.7542809444502634
115071,0.71455980803522
115072,0.8757287828473517
115073,0.7089053054411543
115074,0.7697025288566626
115075,0.7094476386122698
115076,0.7186477180951301
115077,0.7134230600109833
115078,0.769944131951759
115079,0.8235555757731985
115080,0.6301642178046672
115081,0.7807585621971237
115082,0.8940124347202398
115083,0.8156409096495333
115084,0.7411679286630453
115085,0.7697025288566626
115086,0.7322389297708662
115087,0.8156409096495333
115088,0.7400426820555185
115089,0.7371141699007192
115090,0.6626111277926068
115091,0.8711593982649947
115092,0.768240618830753
115093,0.9182759831460674
115094,0.725222508027042
115095,0.6372400922962721
115096,0.7962790503246426
115097,0.8339432435009166
115098,0.5742873641240166
115099,0.7515001852080504
115100,0.7697025288566626
115101,0.8141338768702943
115102,0.768240618830753
115103,0.8010502220670649
115104,0.8219533275713051
115105,0.8025419402964483
115106,0.7795681102515161
115107,0.9037842312029505
115108,0.7815101759651106
115109,0.6858420852242884
115110,0.6901768163652346
115111,0.6396069196289231
115112,0.705788617464868
115113,0.8402785512963858
115114,0.8669583322195392
115115,0.8748141985396941
115116,0.7284037596314474
115117,0.7043834439174386
115118,0.830249561881204
115119,0.8904494382022472
115120,0.9253343799692957
115121,0.8246080381737739
115122,0.8226754795020478
115123,0.906319982891691
115124,0.9302389560488687
115125,0.8243854550039745
115126,0.8402785512963858
115127,0.7693105084903243
115128,0.965331796792471
115129,0.7780199621520419
115130,0.7347764594955606
115131,0.8748141985396941
115132,0.8339432435009166
115133,0.794090502907871
115134,0.8235555757731985
115135,0.730089727384699
115136,0.670857644841804
115137,0.9051866285524356
115138,0.8748141985396941
115139,0.732468862925835
115140,0.736220777722511
115141,0.8025419402964483
115142,0.8046586285415657
115143,0.8024016309116642
115144,0.8051063877397466
115145,0.8313033654237192
115146,0.6749084397132251
115147,0.5742873641240166
115148,0.9199670991371284
115149,0.7284037596314474
115150,0.6543108819853907
115151,0.6396069196289231
115152,0.6733515960329901
115153,0.6654504727841694
115154,0.7251014506677254
115155,0.7043834439174386
115156,0.6919590742937837
115157,0.9182759831460674
115158,0.7410237185570516
115159,0.8663446813523383
115160,0.8021769280247877
115161,0.8315676643835481
115162,0.8315676643835481
115163,0.7447254991027862
121001,0.7186570608891771
121002,0.6776483542847651
121003,0.8194805437940147
121004,0.8088751543733608
121005,0.9051866285524356
121006,0.8194805437940147
121007,0.7322389297708662
121008,0.732468862925835
121009,0.6683841192254562
121010,0.7275386524469407
121011,0.9489444189278224
121012,0.5636824528310841
121014,0.8697986092574321
121015,0.9004220054709124
121016,0.8022201582532373
121017,0.8673353660578361
121018,0.8386354634713018
121019,0.9004220054709124
121020,0.7447254991027862
121021,0.6776483542847651
121022,0.7643472539971968
121023,0.9912160720839448
121024,0.7422268967103997
121025,0.8243084946990167
121026,0.8663446813523383
121027,0.8194805437940147
121028,0.7275386524469407
121029,0.7251014506677254
121030,0.7447254991027862
121031,0.8669583322195392
121032,0.7089053054411543
121033,0.7322389297708662
121034,0.8100575112060842
121035,0.9253343799692957
121036,0.7948790124436954
121037,0.7087887587092097
121038,0.8930164538511248
121039,0.8021245538651476
121040,0.7985619312162692
121041,0.8177987350669542
121042,0.9397097668489198
121043,0.7657037472011357
121044,0.8669583322195392
121045,0.7447254991027862
121046,0.8697986092574321
121047,0.8156409096495333
121048,0.7447254991027862
121049,0.8313033654237192
121050,0.871785775936987
121051,0.732468862925835
121052,0.9136209849212648
121053,0.794090502907871
121054,0.7962790503246426
121055,0.7815101759651106
121056,0.8961154222345166
121057,0.8088751543733608
121058,0.8010502220670649
121059,0.7765756017530934
121060,0.9493273421463742
121061,0.9182759831460674
121062,0.8194805437940147
121063,0.7643472539971968
121064,0.7985619312162692
121065,0.7568667103756439
121066,0.8177987350669542
121067,0.39852282548911766
121068,0.7558491446131895
121069,0.7100387862954081
121070,0.8534867744799897
121071,0.952591888921477
121072,0.7363956097965682
121073,0.8100575112060842
121074,0.7787332464971333
121075,0.9566257437768241
121076,0.802480053143996
121077,0.8386354634713018
121078,0.9253343799692957
121079,0.9253343799692957
121080,0.8025419402964483
121081,0.8333328731074361
121082,0.8766647295105288
121083,0.9199670991371284
121084,0.7363956097965682
121085,0.8243854550039745
121086,0.8493020468794853
121087,0.813221695897421
121088,0.8757287828473517
121089,0.7841048475528005
121090,0.813781107150659
121091,0.9051866285524356
121092,0.7948790124436954
121093,0.8381657686029342
121094,0.8381657686029342
121095,0.8100575112060842
121096,0.6682353118530281
121097,0.8941644134196979
121098,0.8024016309116642
121099,0.8386354634713018
121100,0.6626111277926068
121101,0.8021769280247877
121102,0.8711593982649947
121103,0.7515001852080504
121104,0.7422268967103997
121105,0.7551313288486596
121106,0.7422268967103997
121107,0.8669583322195392
121108,0.7985619312162692
121109,0.6533266290507301
121110,0.7463380124180332
121111,0.8234882544201777
121112,0.7697025288566626
121113,0.6901768163652346
121114,0.7985619312162692
121115,0.8156409096495333
121116,0.8669583322195392
121117,0.7815101759651106
121118,0.9489444189278224
121119,0.8663446813523383
121120,0.7643472539971968
121121,0.5618011093302901
121122,0.952591888921477
121123,0.8179785657738118
121124,0.720473579705217
121125,0.7697025288566626
121126,0.7012228725138145
121127,0.6919590742937837
121128,0.7405604597085957
121129,0.8626523948374698
121130,0.8940124347202398
122001,0.7694217416561991
122002,0.830249561881204
122003,0.730089727384699
122004,0.730089727384699
122005,0.6533266290507301
122006,0.6683841192254562
122007,0.768240618830753
122008,0.8521411472137908
122009,0.8940124347202398
122010,0.6858420852242884
122011,0.6919590742937837
122012,0.7447254991027862
122013,0.810428880192422
122014,0.8493020468794853
122015,0.7447254991027862
122016,0.9037842312029505
122017,0.6776483542847651
122018,0.8089249687004091
122019,0.7222489298481587
122020,0.7962790503246426
122021,0.8525527223359256
122022,0.8525527223359256
122023,0.8243854550039745
122024,0.9037842312029505
122025,0.720473579705217
122026,0.780440533249522
122027,0.7697025288566626
122028,0.6533266290507301
122029,0.8904494382022472
122030,0.810428880192422
122031,0.8386354634713018
122032,0.9161384557103412
122033,0.7787332464971333
122034,0.8219533275713051
122035,0.7643472539971968
122036,0.810428880192422
122037,0.5742873641240166
122038,0.8194805437940147
122039,0.8243854550039745
122040,0.769944131951759
122041,0.8608670599877244
122042,0.8748141985396941
122043,0.8219533275713051
122044,0.8219533275713051
122045,0.8184572198426606
122046,0.9912160720839448
122047,0.6916936300039153
122048,0.6892421132238548
122049,0.6543108819853907
122050,0.8386354634713018
122051,0.8243854550039745
122052,0.6916936300039153
122053,0.6683615162497252
122054,0.8903867702144788
122055,0.7012228725138145
122056,0.8940076777155429
122057,0.8194805437940147
122059,0.6654504727841694
122060,0.6533266290507301
122061,0.7643472539971968
122062,0.5742873641240166
122063,0.7447254991027862
122064,0.8022201582532373
122065,0.5750835709589799
122066,0.9037842312029505
122067,0.9037842312029505
122068,0.8669583322195392
122069,0.7422268967103997
122070,0.9489444189278224
122071,0.7061829272041191
122072,0.5618011093302901
122073,0.8226754795020478
122074,0.736220777722511
122075,0.8194805437940147
122076,0.8100575112060842
122077,0.7134230600109833
122078,0.9182759831460674
122079,0.8194805437940147
122080,0.7322389297708662
122081,0.769944131951759
122082,0.9302389560488687
122083,0.9004220054709124
122084,0.9412498002428331
122085,0.848317805537735
122086,0.8986689714779602
122087,0.9199670991371284
122088,0.7787332464971333
122089,0.7568667103756439
122090,0.8219533275713051
122091,0.8669583322195392
122092,0.7224112938344517
122093,0.8826608916900547
122094,0.6776483542847651
122095,0.5618011093302901
122096,0.8089249687004091
122097,0.768240618830753
122098,0.7954581287338418
122099,0.7100387862954081
122100,0.8100575112060842
122101,0.6683841192254562
122102,0.8024016309116642
122103,0.8608670599877244
122104,0.7807585621971237
122105,0.8089249687004091
122106,0.7745320805191317
122107,0.8386354634713018
122108,0.7694217416561991
122109,0.8235555757731985
122110,0.7798018748753408
122111,0.768240618830753
122112,0.7411679286630453
122113,0.9199670991371284
122114,0.965331796792471
122115,0.6683841192254562
122116,0.8022201582532373
122117,0.8051297214514246
122118,0.7322389297708662
122119,0.7967293630214979
122120,0.8748141985396941
122121,0.8235555757731985
122122,0.7667601203664532
122123,0.8669583322195392
122124,0.8669583322195392
122125,0.8021769280247877
122126,0.7798018748753408
122127,0.7648098633494564
122128,0.9489444189278224
122129,0.8961154222345166
122130,0.8089249687004091
122131,0.8381657686029342
122132,0.8219533275713051
122133,0.965331796792471
122134,0.7280109331527634
122135,0.9037842312029505
122136,0.7186570608891771
122137,0.8395872926520856
122138,0.7558491446131895
122139,0.7985619312162692
122140,0.794090502907871
122141,0.7798018748753408
122142,0.7322389297708662
122143,0.8663446813523383
122144,0.7524973988296109
122145,0.8940076777155429
122146,0.6683841192254562
122147,0.6372400922962721
122148,0.6682353118530281
122149,0.7643472539971968
122150,0.6372400922962721
122151,0.813781107150659
122152,0.813781107150659
122153,0.813781107150659
122154,0.7643472539971968
122155,0.6919590742937837
122156,0.7411679286630453
122157,0.670857644841804
122158,0.7043834439174386
122159,0.9175066206934734
122160,0.7447254991027862
122161,0.8930164538511248
122162,0.810428880192422
122163,0.725222508027042
122164,0.7424722787183418
122165,0.7643472539971968
122166,0.8940076777155429
122167,0.7697025288566626
122168,0.8686586017040213
122169,0.6654504727841694
201001,0.8896841185303931
203001,0.8278261561887322
211001,0.8280160854842186
211002,0.7921888556185659
211003,0.7802376511720096
212001,0.8985949216286295
212002,0.7292757404168273
212003,0.8979876858741955
212004,0.7909500769372789
212005,0.9406419187154433
212006,0.837514567566401
212007,0.7695865008254208
213001,0.8751691142971345
213002,0.7535359351761891
213003,0.7459135924215368
213004,0.8740364654072519
213005,0.7903233720840918
213006,0.7865041173538179
213007,0.9057725734020039
213008,0.7456692509507107
213009,0.7046081449026804
213010,0.9331344999604403
213011,0.8085081694694494
213012,0.9491424357520637
213013,0.7725508436289579
213014,0.852630830914071
214001,0.7532253125953521
214002,0.7544671335758583
214003,0.799131570764958
214004,0.7174244588564554
214005,0.8056366362051254
214006,0.8310713881787197
214007,0.9433483549172271
214008,0.789334588023505
214009,0.8869090136397858
214010,0.8442228680984551
214011,0.7707638373825806
214012,0.7635965483980292
214013,0.9089098884139163
214014,0.6900690304551542
214015,0.7801264021178306
214016,0.7113559445452272
214017,0.7411179845177226
214018,0.7261383126110056
214019,0.8977555223360048
214020,0.782732593396461
214021,0.7492391069702801
215001,0.8709337865699676
215002,0.7517460364463708
215003,0.8709337865699676
215004,0.7511250668936601
215005,0.8237954461897975
215006,0.8551419979407723
215007,0.9405196945114154
215008,0.8280160854842186
215009,0.7349321880916231
215010,0.9365319000665198
215011,0.836101330433443
215012,0.8953240696998271
215013,0.7721259591046091
215014,0.8442228680984551
215015,0.8676021545560665
215016,0.7281978538837698
215017,0.8379985566809491
215018,0.7359625393333259
215019,0.8655830183273175
215020,0.7775207552670191
215021,0.7349321880916231
215022,0.7682998733371161
215023,0.8379985566809491
215024,0.7850774340492381
215025,0.7963229670150547
215026,0.9027312621576699
215027,0.749122020064987
215028,0.691808181418771
215029,0.771376134690883
215030,0.761659924150005
215031,0.8676021545560665
215032,0.7513102205505156
215033,0.8123748474248077
215034,0.7359625393333259
215035,0.782732593396461
215036,0.6976485453242965
215037,0.814854218846506
215038,0.8185451922667909
215039,0.8270643997043093
215040,0.8293352918258314
215041,0.8864585827671507
215042,0.814854218846506
215043,0.8173480168864709
215044,0.8310713881787197
215045,0.8709337865699676
215046,0.9396318914093826
215047,0.8123748474248077
215048,0.8367714707100078
215049,0.8020583462947627
215050,0.7630023828588333
215051,0.8397970368534112
215052,0.8173480168864709
215053,0.78584014532863
215054,0.7721259591046091
215055,0.7620982647430357
215056,0.7381444786575165
215057,0.7708506113252989
215058,0.749122020064987
215059,0.7708506113252989
215060,0.6957504697978271
215061,0.7042389655903586
215062,0.8434892226168414
215064,0.8185451922667909
215065,0.7680193821926106
215066,0.7344909217568393
215067,0.9706424244546816
215068,0.5897104370689861
215069,0.7560362025990902
215070,0.8864585827671507
215071,0.8355808260214401
215072,0.8056366362051254
215073,0.782732593396461
215074,0.9412171437287101
215075,0.7282312574550488
215076,0.7680193821926106
215077,0.8123748474248077
215078,0.7871662157713304
215079,0.740269299417883
215080,0.7707638373825806
215081,0.82789559943118
215082,0.8977555223360048
215083,0.8397970368534112
215084,0.7348551153163808
215085,0.8271947690804554
215086,0.8755024690892332
215087,0.9915956494870305
215088,0.9061742262459265
215089,0.8397970368534112
215090,0.86377451641852
215091,0.8869090136397858
215092,0.8397970368534112
215093,0.82789559943118
215094,0.7443224565537055
215095,0.7712679779194308
221001,0.7695865008254208
221002,0.7381444786575165
221003,0.7004731859338907
221004,0.8396514232044839
221005,0.7624395582806681
221006,0.7497841785977492
221007,0.691808181418771
221008,0.8655830183273175
221009,0.6758048138857474
221010,0.8123748474248077
221011,0.7791624005849995
221012,0.8287237282812655
221013,0.7630023828588333
221014,0.8953240696998271
221015,0.782732593396461
221016,0.9391038926217008
221017,0.7453900956969969
221018,0.691808181418771
221019,0.8396514232044839
221020,0.7850774340492381
221021,0.7856501130766133
221022,0.782732593396461
221023,0.782732593396461
221024,0.7453900956969969
221026,0.8397970368534112
221027,0.7450534924427853
221028,0.7517460364463708
221029,0.7791331973061334
221030,0.9246309924394358
221031,0.9365319000665198
221032,0.86377451641852
221033,0.782732593396461
221034,0.8237954461897975
221035,0.7348551153163808
221036,0.8751691142971345
221037,0.7680193821926106
221038,0.6758048138857474
221039,0.8826046792752716
221040,0.749122020064987
221041,0.8893776640671969
221042,0.8893776640671969
221043,0.6952816939540514
221044,0.7635965483980292
221045,0.8826046792752716
221046,0.791712219124973
221047,0.6957504697978271
221048,0.8293352918258314
221049,0.8676021545560665
221050,0.7635965483980292
221051,0.8755024690892332
221052,0.7871662157713304
221053,0.7348551153163808
221054,0.8198511451478492
221055,0.8434892226168414
221056,0.8367714707100078
221057,0.8270643997043093
221058,0.9707735661097978
221059,0.7721259591046091
221060,0.749122020064987
221061,0.8434892226168414
221062,0.8379985566809491
221063,0.6469077115144531
221064,0.726897500573263
221065,0.691808181418771
221066,0.9412171437287101
221067,0.8379985566809491
221068,0.7682998733371161
221069,0.8826046792752716
221070,0.7775207552670191
221071,0.8953240696998271
221072,0.7963229670150547
221073,0.8379985566809491
221074,0.761659924150005
221075,0.771376134690883
221076,0.6758048138857474
221077,0.8183067942735605
221078,0.8085081694694494
221079,0.691808181418771
221080,0.9026541997328514
221081,0.8655830183273175
222001,0.7909500769372789
222002,0.8582759040214274
222003,0.7513102205505156
222004,0.8198511451478492
222005,0.7876725616012825
222006,0.7682998733371161
222007,0.7682998733371161
222008,0.7348551153163808
222009,0.7876725616012825
222010,0.8237954461897975
222011,0.6758048138857474
222012,0.9613489211360293
222013,0.8198511451478492
222014,0.7856029163849834
222015,0.7517460364463708
222016,0.9246309924394358
222017,0.9256840630124026
222018,0.8237954461897975
222019,0.782732593396461
222020,0.852630830914071
222021,0.7359625393333259
222022,0.740269299417883
222023,0.7721259591046091
222024,0.8397970368534112
222025,0.8462504338657705
222026,0.7856501130766133
222027,0.8154801087274995
222028,0.8509858423262846
222029,0.7721259591046091
222030,0.8154801087274995
222031,0.8154801087274995
222032,0.791712219124973
222033,0.7791331973061334
222034,0.8275972018555027
222035,0.7450534924427853
222036,0.8367714707100078
222037,0.7871035847063704
222038,0.7411179845177226
222039,0.8367714707100078
222040,0.7721259591046091
222041,0.7712679779194308
222042,0.749122020064987
222043,0.7856029163849834
222044,0.8462504338657705
222045,0.7909500769372789
222046,0.9026541997328514
222047,0.782732593396461
222048,0.7850774340492381
222049,0.7349321880916231
222050,0.7791624005849995
222051,0.8509858423262846
222052,0.740269299417883
222053,0.9083014744295352
222054,0.7871035847063704
222055,0.8185451922667909
222056,0.6952816939540514
222057,0.7511250668936601
222058,0.6957504697978271
222059,0.9364330326642031
222060,0.7517460364463708
222061,0.761659924150005
222062,0.8826046792752716
222063,0.7871662157713304
222064,0.8154801087274995
222065,0.7348551153163808
222066,0.8020583462947627
222067,0.8275972018555027
222068,0.7721259591046091
222069,0.7042389655903586
222070,0.8237954461897975
222071,0.8676021545560665
222072,0.8396569377036102
222073,0.8379985566809491
222074,0.8264883950494942
222075,0.852630830914071
222076,0.6952816939540514
222077,0.6952816939540514
222078,0.7791624005849995
222079,0.8154801087274995
222080,0.9275238839677713
222081,0.7856501130766133
222082,0.782732593396461
222083,0.8270643997043093
222084,0.7443224565537055
222085,0.7775207552670191
222086,0.8557920435802168
222087,0.6758048138857474
222088,0.7349321880916231
222089,0.8198511451478492
222090,0.9246309924394358
222091,0.7348551153163808
222092,0.761659924150005
222093,0.8020583462947627
222094,0.7909500769372789
222095,0.9246309924394358
222096,0.740269299417883
222097,0.8379985566809491
222098,0.8509858423262846
222099,0.7497841785977492
222100,0.9275238839677713
222101,0.726897500573263
222102,0.7708506113252989
222103,0.8379985566809491
222104,0.7453900956969969
222105,0.8557920435802168
222106,0.8462504338657705
222107,0.9026541997328514
222108,0.7721259591046091
222109,0.7871662157713304
222110,0.86377451641852
222111,0.761659924150005
222112,0.8655830183273175
222113,0.7856029163849834
222114,0.86377451641852
222115,0.8293352918258314
222116,0.8676021545560665
222117,0.7042389655903586
222118,0.7721259591046091
222119,0.8953240696998271
222120,0.8977555223360048
222121,0.7455761972615905
222122,0.8198511451478492
222123,0.8379985566809491
222124,0.9915956494870305
222125,0.78584014532863
222126,0.6952816939540514
222127,0.7708506113252989
301001,0.9500933628230449
302001,0.9246656348616108
303001,0.8908726268822266
303002,0.9083963425967427
303003,0.9239679369838453
311001,0.8523745822047162
311002,0.7586050816455128
311003,0.7382445808639516
312001,0.8799403320836127
312002,0.802781215216044
312003,0.8131329028622903
312004,0.7446439476266752
312005,0.7690489532692274
313001,0.8609965839972906
313002,0.8087046857458626
313003,0.7754421727921338
313004,0.8530841532304134
313005,0.7619519515351809
313006,0.8542665148827518
313007,0.7752672021747539
313008,0.8354206131131615
314001,0.7937204709574667
314002,0.7779243865893196
314003,0.710456289011866
314004,0.7711923526466282
314005,0.811895517430008
314006,0.729832171546671
314007,0.6992664887066796
314008,0.7334508023067214
314009,0.7455125269925735
314010,0.851378023327877
314011,0.8646180636395819
314012,0.9618879546708287
314013,0.6987542081866059
314014,0.8203016248794569
314015,0.6951266068270872
314016,0.8800603367211259
314017,0.7579308380991329
314018,0.8453351284811959
314019,0.89443250537019
314020,0.9216044222191041
315001,0.9780318517130396
315002,0.762226615187231
315003,0.6637369593533543
315004,0.7341209943220588
315005,0.7060832549621343
315006,0.7432054811770564
315007,0.8453351284811959
315008,0.8798167974447458
315009,0.7300813578229183
315010,0.800075331176386
315011,0.8609965839972906
315012,0.7750758029063993
315013,0.8443167355290925
315014,0.7458013707471914
315015,0.9272903128221994
315016,0.9272903128221994
315017,0.7250316926764135
315018,0.6874703877713455
315019,0.7657646084083874
315020,0.7419940698134952
315021,0.7689122806207759
315022,0.8143750344802222
315023,0.6157755736058168
315024,0.6740274548472048
315025,0.5459641208339482
315026,0.7353709327435524
315027,0.9012379635561848
315028,0.7568929453077603
315029,0.6500774152234327
315030,0.9372796427583087
315031,0.6278236471901426
315032,0.9012379635561848
315033,0.7980858410610779
315034,0.7890392473501227
315035,0.7411519723920759
315036,0.8074184882798594
315037,0.6531759369257273
315038,0.8962059574148571
315039,0.6278236471901426
315040,0.7937204709574667
315041,0.7767682119665149
315042,0.7668312349804699
315043,0.7750758029063993
315044,0.678223783952279
315045,0.876117640162584
315046,0.9272903128221994
315047,0.9272903128221994
315048,0.7757217632570211
315049,0.7657480468822313
315050,0.951762436107847
315051,0.7284888491275245
315052,0.807781718475248
315053,0.7757217632570211
315054,0.9206239362775521
315055,0.7614484298473063
315056,0.8074184882798594
315057,0.773972814257703
315058,0.8302191189455345
315059,0.8965671730147642
315060,0.8196795977578298
315061,0.951762436107847
315062,0.7980858410610779
315063,0.7197203266296005
315064,0.6809319233311302
315065,0.8196795977578298
315066,0.6260737458458617
315067,0.9206239362775521
315068,0.7952517857306063
315069,0.736758444953736
315070,1
315071,0.6200807754961717
315072,0.7562445045591113
315073,0.6531759369257273
315074,0.6874703877713455
315075,0.7361132780963274
315076,0.74117865488652
315077,0.7895379858093012
315078,0.6297223074134999
315079,0.932539167524988
315080,0.7968010984343661
315081,0.9012379635561848
315082,0.8136255329657195
315083,0.757716975061353
315084,0.7353709327435524
315085,0.9780318517130396
315086,0.8992810817001167
315087,0.8165187063117625
315088,0.773972814257703
315089,0.9973842944615239
315090,0.7767682119665149
315091,0.7045314236325473
315092,0.7418799967010724
315093,0.6371024559979679
315094,0.7164025554038311
315095,0.7353709327435524
315096,0.7750758029063993
315097,0.7458013707471914
315098,0.8614834212687642
315099,0.8165187063117625
315100,0.8316967287990351
315101,0.9056589070881627
315102,0.6874703877713455
315103,0.7458013707471914
315104,0.8311247960205423
315105,0.918618575718592
315106,0.8941289813353143
315107,0.5099465542483199
321001,0.7817362918347465
321002,0.7750758029063993
321003,0.771085161944902
321004,0.7657646084083874
321005,0.800075331176386
321006,0.7767682119665149
321007,0.6917478769040464
321008,0.89443250537019
321009,0.6987542081866059
321010,0.8443167355290925
321011,0.6531759369257273
321012,0.9012379635561848
321013,0.8106397868566791
321014,0.7432054811770564
321015,0.7361132780963274
321016,0.9618879546708287
321017,0.8106397868566791
321018,0.8106397868566791
321019,0.8992810817001167
321020,0.8081775734779313
321021,0.89443250537019
321022,0.7668312349804699
321023,0.918618575718592
321024,0.7767682119665149
321025,0.89443250537019
321026,0.7164025554038311
321027,0.773972814257703
321028,0.8074184882798594
321029,0.9012379635561848
321030,0.9012379635561848
321031,0.736758444953736
321032,0.8215766648788062
321033,0.8311247960205423
321034,0.969696837084122
321035,0.8311247960205423
321036,0.773972814257703
321037,0.8609965839972906
321038,0.8941289813353143
321039,0.880792091832076
321040,0.9012379635561848
321041,0.7259841852716912
321042,0.9241749850454988
321043,0.7980858410610779
321044,0.7711923526466282
321045,0.7757217632570211
321046,0.9206239362775521
321047,0.7548415360719504
321048,0.851378023327877
321049,0.7658577636312841
321050,0.7568929453077603
321051,0.951762436107847
321052,0.844249615205541
321053,0.6634136645257241
321054,0.5459641208339482
321055,0.6371024559979679
321056,0.74117865488652
321057,0.7431966659551612
321058,0.6874909011060869
321059,0.7754421727921338
321060,0.800075331176386
321061,0.6278236471901426
321062,0.8984715052130782
321063,0.7836651205398528
321064,0.7890392473501227
321065,0.7711923526466282
321066,0.880792091832076
321067,0.7822717339665094
321068,0.7757217632570211
321069,0.9172308003768678
321070,0.8865625214577424
321071,0.880792091832076
321072,0.8165187063117625
321073,0.6951266068270872
321074,0.9368304396010344
321075,0.8074184882798594
321076,0.7458013707471914
321077,0.7379405761090733
321078,0.8510133548944713
321079,0.8354206131131615
321080,0.9272903128221994
321081,0.5459641208339482
321082,0.8503297151235034
321083,0.6278236471901426
321084,0.7446439476266752
321085,0.7750758029063993
321086,0.8215766648788062
321087,0.7757217632570211
321088,0.773972814257703
321089,0.7284888491275245
321090,0.8747318140106771
321091,0.6500774152234327
321092,0.6634136645257241
321093,0.7431966659551612
321094,0.969696837084122
321095,0.7164025554038311
321096,0.9973842944615239
321097,0.7164025554038311
321098,0.793688981383701
321099,0.7952517857306063
321100,0.8609965839972906
321101,0.7458013707471914
321102,0.7164025554038311
321103,0.8992810817001167
321104,0.5844177736809129
321105,0.7562445045591113
321106,0.6874909011060869
321107,0.8165187063117625
321108,0.8215766648788062
321109,0.7779243865893196
321110,0.7779243865893196
321111,0.7411519723920759
321112,0.8453351284811959
321113,0.7801988491729911
321114,0.7822717339665094
321115,0.6373899482687512
321116,0.844249615205541
321117,0.8965671730147642
321118,0.736758444953736
321119,0.7657646084083874
321120,0.7300813578229183
321121,0.8106397868566791
321122,0.7568929453077603
321123,0.8302191189455345
322001,0.8503297151235034
322002,0.7432054811770564
322003,0.7668312349804699
322004,0.773972814257703
322005,0.7432054811770564
322006,0.74117865488652
322007,0.7250316926764135
322008,0.8442475648644597
322009,0.8106397868566791
322010,0.7562445045591113
322011,0.7548415360719504
322012,0.8962059574148571
322013,0.8962059574148571
322014,0.7754421727921338
322015,0.7822717339665094
322016,0.7300813578229183
322017,0.6917478769040464
322019,0.9012379635561848
322020,0.6373899482687512
322021,0.7757217632570211
322022,0.6278236471901426
322023,0.7750758029063993
322024,0.7750758029063993
322025,0.876117640162584
322026,0.7458013707471914
322027,0.6809319233311302
322029,0.5459641208339482
322030,0.7657646084083874
322032,0.663951536949975
322033,0.7045314236325473
322034,0.8453351284811959
322035,0.7300813578229183
322036,0.6260737458458617
322037,0.7822717339665094
322038,0.9144759316252379
322039,0.6917478769040464
322040,0.8614834212687642
322041,0.9144759316252379
322042,0.8196795977578298
322043,0.6987542081866059
322044,0.7757217632570211
322045,0.5362476254743274
322046,0.7668312349804699
322047,0.7216633476416882
322048,0.7895379858093012
322049,0.7767682119665149
322050,0.8143750344802222
322051,0.793688981383701
322052,0.762226615187231
322053,0.6917478769040464
322054,0.800075331176386
322056,0.6917478769040464
322057,0.8215766648788062
322058,0.7060832549621343
322059,0.7379405761090733
322060,0.7431966659551612
322061,0.710456289011866
322062,0.880792091832076
322063,0.7695060759396496
322064,0.7216633476416882
322065,0.773972814257703
322066,0.5459641208339482
322067,0.7757217632570211
322068,0.762226615187231
322069,0.7548415360719504
322070,0.6917478769040464
322071,0.5459641208339482
322072,0.6917478769040464
322073,0.6740274548472048
322074,0.9618879546708287
322075,0.793688981383701
322076,0.8302191189455345
322077,0.7817362918347465
322078,0.7341209943220588
322079,0.6634136645257241
322080,0.757716975061353
322081,0.8443167355290925
322082,0.9973842944615239
322083,0.6260737458458617
322084,0.7822717339665094
322085,0.844249615205541
322086,0.8215766648788062
322087,0.7980858410610779
322088,0.7060832549621343
322089,0.736758444953736
322090,0.8136255329657195
322091,0.7658577636312841
322092,0.8798167974447458
322093,0.800075331176386
322094,0.74117865488652
322095,0.844249615205541
322096,0.7548415360719504
322097,0.6874703877713455
322098,0.6917478769040464
322099,0.7767682119665149
322100,0.8106397868566791
322101,0.6740274548472048
322102,0.7060832549621343
322103,0.7657646084083874
322104,0.7822717339665094
322105,0.7968010984343661
322106,0.8865625214577424
322107,0.6917478769040464
322108,0.7379405761090733
322109,0.7432054811770564
322110,0.89443250537019
322111,0.8302191189455345
322112,0.762226615187231
322113,0.7562445045591113
322114,0.6500774152234327
322115,0.9241749850454988
322116,0.7562445045591113
322117,0.7548415360719504
322118,0.8302191189455345
322119,0.8106397868566791
322120,0.7750758029063993
322121,0.762226615187231
322122,0.7458013707471914
322123,0.7060832549621343
322124,0.7779243865893196
322125,0.8992810817001167
322126,0.7379405761090733
322127,0.7197203266296005
322129,0.9012379635561848
322130,0.5459641208339482
322131,0.8443167355290925
322132,0.7836651205398528
322133,0.6874909011060869
322134,0.6917478769040464
322135,0.7379405761090733
322136,0.6157755736058168
322137,0.663951536949975
322138,0.736758444953736
322139,0.844249615205541
322140,0.7817362918347465
322141,0.7164025554038311
401001,0.8775443738804755
412001,0.9079027740841699
412002,0.8169273828858871
412003,0.8255876490223233
413001,0.9755236851728355
413002,0.9046624847518013
413003,0.7545977006629155
413004,0.7057903329340349
413005,0.8000345721694037
413006,0.7052232540931948
414001,0.8400193327067521
414002,0.8711598852615462
415001,0.864464317434863
415002,0.91849013694773185
415003,0.778641399712308
415004,0.905382239572026
415005,0.771320274932276
415006,0.7068857475210436
415007,0.7834064075196108
415008,0.7257672998767907
415009,0.8280276617696151
415010,0.5634213698753414
415011,0.8025305993682627
415012,0.8702179224921343
415013,0.9188502645614183
415014,0.7823411190136519
415015,0.7516298138048548
415016,0.8702179224921343
415017,0.7886056592991814
415018,0.7645769838442396
415019,0.8651257868980997
415020,0.905382239572026
415021,0.7891144051221236
415022,0.9211653224333876
415023,0.7568745001503786
415024,0.7366139110475084
415025,0.8991948713504995
415026,0.8991948713504995
415027,0.7482070694231964
415028,0.7588438352263701
415029,0.8667420008176095
415030,0.9449136106469139
415031,0.8045323514570771
415032,0.8253251091188386
415033,0.7987194468452895
415034,0.710056429950575
415035,0.6819168347258235
415036,0.7100517482055742
415037,0.7645769838442396
415038,0.9324275442583946
415039,0.6782966198696536
415040,0.769869636021694
415041,0.827252556203495
415042,0.7826459004478667
415043,0.8651257868980997
415044,0.7503647867767904
415045,0.716909054261029
415046,0.9211653224333876
415047,0.94142574241603
415048,0.905382239572026
421001,0.5283239288330179
421002,0.7568745001503786
421003,0.9286933304116105
421004,0.7569066613606263
421005,0.7438922869136382
421006,0.9211653224333876
421007,0.7826459004478667
421008,0.7438922869136382
421009,0.7826459004478667
421010,0.9188502645614183
421011,0.7569066613606263
421012,0.7823411190136519
421013,0.8702179224921343
421014,0.9286933304116105
421015,0.778641399712308
421016,0.9286933304116105
421017,0.9013790598651628
421018,0.7834064075196108
421019,0.7438922869136382
421020,0.7420411985018727
421021,0.5283239288330179
421022,0.9013790598651628
421023,0.7749661757211053
421024,0.9013790598651628
421025,0.769869636021694
421026,0.8667420008176095
421027,0.7568745001503786
421028,0.864464317434863
421029,0.7987194468452895
421030,0.9424557444220366
421031,0.710056429950575
421032,0.7880070954493866
421033,0.7420411985018727
421034,0.778641399712308
421035,0.830107626455941
421036,0.778641399712308
421037,0.3916630063618459
421038,0.8067763467901051
421039,0.9079027740841699
421040,0.7615133990579319
421041,0.9345380778977558
421042,0.7365813635965077
421043,0.7655368265984306
421044,0.8253251091188386
421045,0.7615133990579319
422001,0.88239844066009
422002,0.830107626455941
422003,0.3916630063618459
422004,0.7886056592991814
422005,0.7438922869136382
422006,0.8067763467901051
422007,0.8138573642618936
422008,0.7503647867767904
422009,0.778641399712308
422010,0.710056429950575
422011,0.8000345721694037
422012,0.778641399712308
422013,0.8308042248531211
422014,0.8253251091188386
422015,0.905382239572026
422016,0.9589455488331893
422017,0.8667420008176095
422018,0.771320274932276
422019,0.7615133990579319
422020,0.769869636021694
422021,0.7615133990579319
422022,0.7655368265984306
422023,0.6819168347258235
422024,0.3916630063618459
422025,0.7987194468452895
422026,0.7420411985018727
422027,0.9286933304116105
422028,0.7823411190136519
422029,0.8607365134993271
422030,0.3916630063618459
422031,0.7503647867767904
422032,0.8138573642618936
422033,0.9286933304116105
422034,0.741707083029522
422035,0.7834064075196108
422036,0.8253251091188386
422037,0.8025305993682627
422038,0.778641399712308
422039,0.7886056592991814
422040,0.7615133990579319
422041,0.710056429950575
422042,0.7568745001503786
422043,0.7568745001503786
422044,0.8067763467901051
422045,0.778641399712308
422046,0.8138573642618936
422047,0.7823411190136519
422048,0.864464317434863
422049,0.7366139110475084
422050,0.8138573642618936
422051,0.830107626455941
422052,0.769869636021694
422053,0.7503647867767904
422054,0.7615133990579319
422055,0.8702179224921343
422056,0.8711598852615462
422057,0.710056429950575
422058,0.710056429950575
422059,0.5283239288330179
422060,0.830107626455941
422061,0.6782966198696536
501001,0.9513031851158319
511001,0.8105934666374314
512001,0.7855979576069141
512002,0.8576622004120806
512003,0.95625765529153
512004,0.7993419720916485
512005,0.8094373396018892
513001,0.9382248616028972
513002,0.7758355006002764
513003,0.8528566622163518
513004,0.7621313968892597
514001,0.7546056314124362
514002,0.7832362752354801
514003,0.8961223674701889
514004,0.8270433652607281
514005,0.7646077465779583
515001,0.7864698308754416
515002,0.8044607053744209
515003,0.879199239025992
515004,0.8704338912130235
515005,0.6673927932788012
515006,0.8076638895258478
515007,0.8323408339531684
515008,0.5932951613493841
515009,0.8171588921707612
515010,0.8846083149496956
515011,0.9107859082529474
515012,0.6768684311843176
515013,0.5932951613493841
515014,0.7864698308754416
515015,0.7848544352428926
515016,0.7138015739435017
515017,0.6702708168051964
515018,0.712577368971527
515019,0.6444313236419356
515020,0.7840735992760727
515021,0.7713896750883779
515022,0.7526796553129735
515023,0.7736031318318166
515024,0.729637314757726
515025,0.7976586520670259
515026,0.8178243908701934
515027,0.8114221045127356
515028,0.7976586520670259
515029,0.8472553209442125
515030,0.7632896697472213
515031,0.7645600777658275
515032,0.8076638895258478
515033,0.9099540833195912
515034,0.772483914337847
521001,0.7546056314124362
521002,0.818775987916703
521003,0.7646077465779583
521004,0.49108630182460905
521005,0.772483914337847
521006,0.6239249681234329
521007,0.7965434800791814
521008,0.8704338912130235
521009,0.8044607053744209
521010,0.7224185429317334
521011,0.7713896750883779
521012,0.7864698308754416
521013,0.8984030593673652
521014,0.9385396235894249
521015,0.8967701715749706
521016,0.6702708168051964
521017,0.7224185429317334
521018,0.818775987916703
521019,0.7319511785752941
521020,0.7526796553129735
521021,0.6768684311843176
521022,0.7848544352428926
521023,0.7848544352428926
521024,0.8961223674701889
521025,0.7796604270475019
521026,0.7708449917439963
521027,0.49108630182460905
521028,0.7482660294814116
521029,0.8849233113106661
521030,0.6702708168051964
521031,0.7319511785752941
521032,0.7339705334519508
521033,0.7848544352428926
521034,0.5466994590590096
521035,0.5466994590590096
521036,0.9038843666539753
521037,0.8883824379854967
521038,0.5107579747140761
521039,0.7697284739019206
521040,0.5107579747140761
521041,0.8883824379854967
521042,0.9385396235894249
521043,0.6702708168051964
521044,0.7138015739435017
521045,0.8323408339531684
521046,0.7976586520670259
521047,0.7976586520670259
521048,0.7374209224369301
521049,0.7224185429317334
521050,0.7319511785752941
521051,0.8076638895258478
521052,0.8849233113106661
521053,0.7250943308577549
521054,0.8213825266493806
521055,0.7708449917439963
521056,0.7848544352428926
521057,0.7646077465779583
521058,0.6444313236419356
522001,0.8171588921707612
522002,0.6239249681234329
522003,0.5932951613493841
522004,0.6239249681234329
522005,0.9502769178054361
522006,0.7796604270475019
522007,0.7339705334519508
522008,0.879199239025992
522009,0.9034963164176647
522010,0.9502769178054361
522011,0.7697284739019206
522012,0.7848544352428926
522013,0.7864698308754416
522014,0.6768684311843176
522015,0.7339705334519508
522016,0.7632896697472213
522017,0.5107579747140761
522018,0.8984030593673652
522019,0.7632896697472213
522020,0.6239249681234329
522021,0.7708449917439963
522022,0.7965434800791814
522023,0.7697284739019206
522024,0.8044607053744209
522025,0.8295133169463663
522026,0.7864469208402105
522027,0.7796604270475019
522028,0.4710032673397795
522029,0.6444313236419356
522030,0.7736031318318166
522031,0.4710032673397795
522032,0.7666105929165318
522033,0.7708449917439963
522034,0.7666105929165318
522035,0.7666105929165318
522036,0.5466994590590096
522037,0.7697284739019206
522038,0.5932951613493841
522039,0.4710032673397795
522040,0.49108630182460905
522041,0.7697284739019206
522042,0.7250943308577549
522043,0.7138015739435017
522044,0.7374209224369301
522045,0.7713896750883779
522046,0.8178243908701934
522047,0.8704338912130235
522048,0.8076638895258478
522049,0.7482660294814116
522050,0.7339705334519508
522051,0.7697284739019206
522052,0.5466994590590096
522053,0.9733721992478939
522054,0.7374209224369301
522055,0.5466994590590096
522056,0.49108630182460905
522057,0.9005437230322483
522058,0.7666105929165318
522059,0.7632896697472213
522060,0.5107579747140761
522061,0.8967701715749706
522062,0.7708449917439963
522063,0.7864698308754416
522064,0.5932951613493841
522065,0.4710032673397795
522066,0.5466994590590096
522067,0.8273001558405448
603001,0.9160076884376733
611001,0.8506897000992758
612001,0.8991880558304881
613001,0.7758793429218863
613002,0.7450905779236976
614001,0.7200266877341486
614002,0.7552747786326169
615001,0.7663717580855764
615002,0.7663717580855764
615003,0.7286902616839772
615004,0.7663605850686183
615005,0.8194657904796496
615006,0.832716515517291
615007,0.746121750294212
615008,0.874667673995118
615009,0.837395013121613
615010,0.775495096012927
615011,0.9027505952473004
615012,0.7553520475463985
615013,0.921280063733906
615014,0.830400782750921
615015,0.8202268138762935
615016,0.832716515517291
615017,0.839431645456442
615018,0.7298901446709645
615019,0.7286902616839772
615020,0.8016834893463547
615021,0.742610198789974
615022,0.830400782750921
615023,0.7286758065840243
615024,0.7795982446690801
621001,0.7236911748579855
621002,0.7010567981025927
621004,0.7010567981025927
621005,0.7773512090209242
621006,0.840461689690851
621007,0.9221754033274844
621008,0.7635010141568573
621009,0.8721777282647434
621010,0.8721777282647434
621011,0.9431756735127522
621012,0.8721777282647434
621013,0.921280063733906
621014,0.7315418992353565
621016,0.8194657904796496
621017,0.8016834893463547
621018,0.837395013121613
621019,0.830400782750921
621020,0.7298901446709645
621021,0.7286758065840243
621022,0.921280063733906
621023,0.9417458945548833
621024,0.7286758065840243
621025,0.7286758065840243
621026,0.7298901446709645
621027,0.8202268138762935
621028,0.7236911748579855
621029,0.7236911748579855
621030,0.7298901446709645
622001,0.7315418992353565
622002,0.7286758065840243
622003,0.6251073620875967
622004,0.7795982446690801
622005,0.7286902616839772
622006,0.7315418992353565
622007,0.874667673995118
622008,0.7591702375812229
622009,0.9417458945548833
622010,0.8128621066417592
622011,0.7635010141568573
622012,0.8194657904796496
622013,0.7363968473780094
622014,0.921280063733906
622015,0.8721777282647434
622016,0.7286758065840243
622017,0.8792369468347834
622018,0.837395013121613
622019,0.7450905779236976
622020,0.8202268138762935
622021,0.746121750294212
622022,0.7315418992353565
622023,0.8515619963980746
622024,0.8128621066417592
622025,0.746121750294212
622026,0.7623135062036109
622027,0.7663605850686183
622028,0.7363968473780094
622029,0.9417458945548833
622030,0.7989556697014344
622031,0.7286902616839772
622032,0.7010567981025927
622033,0.8399862738945256
622035,0.8721777282647434
622036,0.8399862738945256
622038,0.7298901446709645
703001,0.7290264378750597
712001,0.8322094296978634
714001,0.6665893934263594
715001,0.6181968066708915
715002,0.5190592556205683
715003,0.5190592556205683
715004,0.6181968066708915
715005,0.5007389440749501
715006,0.8564891816709398
715007,0.6756061651007048
715008,0.3467822412619677
715009,0.7401138187655042
721001,0.48496200976332515
721002,0.5434402165760696
721003,0.5434402165760696
721004,0.5007389440749501
721005,0.46276402275055883
721006,0.6181968066708915
721007,0.30818551833949254
721008,0.8075330937542646
721009,0.8292272508241485
721010,0.580719532408982
721011,0.46276402275055883
721012,0.5007389440749501
721013,0.6181968066708915
721014,0.45030527373170043
721015,0.5549493803984608
721016,0.6181968066708915
721017,0.27216192960232427
721018,0.5171937214567235
722001,0.580719532408982
722002,0.48496200976332515
722003,0.45030527373170043
722004,0.45030527373170043
722005,0.30818551833949254
722006,0.5549493803984608
722007,0.580719532408982
722008,0.6665893934263594
722009,0.5549493803984608
722010,0.48496200976332515
722011,0.48496200976332515
722012,0.6996571960621962
722013,0.5549493803984608
722014,0.5171937214567235
722015,0.27216192960232427
722016,0.5549493803984608
722017,0.7401138187655042
722018,0.5007389440749501
722019,0.5190592556205683
722020,0.5171937214567235
722021,0.5583733575484394
722022,0.5583733575484394
722023,0.30818551833949254
722024,0.30818551833949254
722025,0.5583733575484394
722026,0.7401138187655042
722027,0.5007389440749501
722028,0.45030527373170043
722029,0.5434402165760696
722030,0.580719532408982
722031,0.30818551833949254
722032,0.5190592556205683
722033,0.27216192960232427
722034,0.48496200976332515
722035,0.46276402275055883
722036,0.27216192960232427
802001,0
822001,0.9884928906739878
922002,0.6231803006422967
