UCL_CODE11,score_centreofaus
101001,0.26696577257750476
102001,0.30253496935030944
102002,0.2576067925755863
102003,0.2219549740305038
102004,0.2539024156760673
103001,0.2624128839098451
111001,0.3623225642543684
111002,0.25930514873785837
112001,0.32108084329488695
112002,0.28927084354707977
112003,0.267159447325492
112004,0.22755403606405977
112005,0.3704591163593023
112006,0.29627454362270045
112007,0.22854187302666285
112008,0.5469224615508486
112009,0.2646615161049549
112010,0.3398097954689401
112011,0.22594956184945547
112012,0.29998242362423855
112013,0.36717761948815364
113001,0.27833470116515713
113002,0.21825481274356928
113003,0.26436173707590727
113004,0.27661144304258933
113005,0.6167874627747645
113006,0.4277168308795338
113007,0.23234597563888904
113008,0.23737309786151306
113009,0.4254148871955009
113010,0.2323551925696824
113011,0.2595074421998307
113012,0.2629958068376126
113013,0.30023843066704314
113014,0.2589010014976939
113015,0.28967235639552946
113016,0.24049187264909866
113017,0.3733672442252567
113018,0.25355938845596937
113019,0.2767805347447787
113020,0.23775365085512246
113021,0.26166160387696635
114001,0.2277554989040712
114002,0.23745002555797934
114003,0.28961014238875127
114004,0.3545471571178055
114005,0.3810602195532672
114006,0.34599653710141387
114007,0.4341946413368696
114008,0.37557437985551356
114009,0.2813928736176279
114010,0.32626466268395515
114011,0.2616346138851001
114012,0.30374367933860835
114013,0.40898479699962664
114014,0.217608763635733
114015,0.24955749404321137
114016,0.2522846489459446
114017,0.3524167294699221
114018,0.27704401512426147
114019,0.3322613213215483
114020,0.22625201660245298
114021,0.22900835747990533
114022,0.34872981783009427
114023,0.2202988208991704
114024,0.24245201404493888
114025,0.29330742366200135
114026,0.26089239850721324
114027,0.2552596317071756
114028,0.33629085729990404
114029,0.23170090014495204
114030,0.2239516838124943
114031,0.3932387700743524
114032,0.3219166848565779
114033,0.351066508234982
115001,0.29069357910042704
115002,0.22297351352118522
115003,0.2414077156382196
115004,0.2682929269101231
115005,0.22558927216093017
115006,0.496163441856286
115007,0.2205421037735953
115008,0.2743446043088089
115009,0.45688640565153016
115010,0.404026873087302
115011,0.3179414458833748
115012,0.2625392825920666
115013,0.33475567285126095
115014,0.2588343736903057
115015,0.23376442849785173
115016,0.25590508683455526
115017,0.26324507324162905
115018,0.3232431233196841
115019,0.29351748648176257
115020,0.3308928709200559
115021,0.24053922148615892
115022,0.2732476783088237
115023,0.22676480505619845
115024,0.33474552285130343
115025,0.48961883925206307
115026,0.2827816644508393
115027,0.23397023938829908
115028,0.2822782229647135
115029,0.26884047881566975
115030,0.26326598309372384
115031,0.22017091143216871
115032,0.24124079090444972
115033,0.2782402653989351
115034,0.2575219408487519
115035,0.29717165158626746
115036,0.2763259368042569
115037,0.21784998291657132
115038,0.25908255492354115
115039,0.2668425965681024
115040,0.35044830418503004
115041,0.4771786167469171
115042,0.27576794677227723
115043,0.4093359441302773
115044,0.3783852043192756
115045,0.3579577678596194
115046,0.3932276538648807
115047,0.22826759745851521
115048,0.22568408756465608
115049,0.30942992514035483
115050,0.2585447300700364
115051,0.36719250583463836
115052,0.259007791515364
115053,0.29568988114223205
115054,0.24148905943818189
115055,0.27116814471755657
115056,0.2575665302309357
115057,0.2492939378719239
115058,0.368832835592629
115059,0.22252235541024945
115060,0.23894692342889412
115061,0.4133022539310466
115062,0.36365034770769167
115063,0.23021284729578784
115064,0.27737410047311184
115065,0.2672703034664119
115066,0.258974247887486
115067,0.37554235862282415
115068,0.27832248727093545
115069,0.25421597011281105
115070,0.2596569184923392
115071,0.3625541139132469
115072,0.26722948933525925
115073,0.33657963332047636
115074,0.22762632192181875
115075,0.34434046627973647
115076,0.28023673525003634
115077,0.345273470257206
115078,0.2301080095916549
115079,0.23930698807890882
115080,0.45951417040447273
115081,0.2615733218857491
115082,0.27624368148496903
115083,0.35739819405387807
115084,0.37349893274080836
115085,0.22355455944837133
115086,0.3025094623094441
115087,0.36614581057176876
115088,0.2380550397749045
115089,0.3655044935346139
115090,0.3149467711445595
115091,0.24739845957552897
115092,0.29602102687994436
115093,0.28158909552211053
115094,0.24031638371358477
115095,0.4320674181227382
115096,0.22671947012518778
115097,0.24388329758429705
115098,0.42100482366865977
115099,0.231235717607847
115100,0.22844096426880722
115101,0.2620650230004964
115102,0.3106967270424925
115103,0.26295938797809304
115104,0.35048026279526445
115105,0.2643350669083592
115106,0.22227725667290155
115107,0.316361912353863
115108,0.258478115229385
115109,0.40063313955962465
115110,0.38352769620996463
115111,0.4286166864352159
115112,0.3073922220245452
115113,0.22070270791459845
115114,0.23235196916610845
115115,0.2747601177768302
115116,0.30804060538008604
115117,0.3052027886414309
115118,0.2795649346002187
115119,0.26903550599779047
115120,0.2251883388581698
115121,0.23897468480484707
115122,0.26024439564955426
115123,0.2788668646636304
115124,0.21706765542038298
115125,0.2310593906943863
115126,0.2205473230238506
115127,0.2250187630934326
115128,0.2611525561318939
115129,0.21742963454701292
115130,0.26045186886792826
115131,0.27477811504323435
115132,0.24496658639203328
115133,0.25354334912052257
115134,0.24042746333597398
115135,0.3744486702546923
115136,0.27461693909688856
115137,0.27765928758822334
115138,0.27594873495553895
115139,0.40942554177849266
115140,0.3344631955892664
115141,0.26095544979616936
115142,0.28362089351345887
115143,0.2293615268573388
115144,0.22878210202357352
115145,0.2587502854360074
115146,0.27710910399091393
115147,0.4112012321908325
115148,0.27808209410338225
115149,0.3041917548429237
115150,0.32510013615346356
115151,0.4044985023400476
115152,0.3616354579378811
115153,0.3546596703160356
115154,0.5567050591238139
115155,0.30796348524912054
115156,0.39393891147662063
115157,0.27535255062055086
115158,0.2411194433952658
115159,0.2237711600831671
115160,0.22534239124126065
115161,0.2580902348918518
115162,0.25702842029178696
115163,0.4213749840225658
121001,0.34134870367485004
121002,0.3689023633102595
121003,0.2612962247500439
121004,0.2341106930935749
121005,0.2786026324328247
121006,0.2610021680561936
121007,0.2967466602792801
121008,0.40525771411890155
121009,0.33803227639426914
121010,0.33562511518334903
121011,0.25628764621756883
121012,0.4573584071082958
121013,0.2626182796032678
121014,0.2234571638597619
121015,0.27216106930700157
121016,0.2544553847826686
121017,0.3383802615838626
121018,0.22471982847400374
121019,0.27472174677970906
121020,0.42071098379323024
121021,0.3364367550707288
121022,0.23805747114625142
121023,0.26365724017734904
121024,0.22524575483220255
121025,0.2207485591499393
121026,0.21946539067687054
121027,0.26149492282890596
121028,0.32411971792323124
121029,0.5534606626067419
121030,0.42159857860615524
121031,0.23340078146145682
121032,0.3457056607742047
121033,0.30236561465528555
121034,0.26719915233436686
121035,0.22605634618498682
121036,0.25899226499977623
121037,0.3627237430197431
121038,0.2784220756971295
121039,0.3664421443505359
121040,0.38394529798188004
121041,0.26166704578225564
121042,0.2691546410674738
121043,0.23182427302249053
121044,0.23306783372705808
121045,0.42475442497225013
121046,0.21985492373554616
121047,0.3702343054907331
121048,0.4567520810177328
121049,0.25958701112528193
121050,0.2621732369201575
121051,0.4145075265251372
121052,0.25993580236304425
121053,0.2546255394298159
121054,0.23095298929021457
121055,0.2582839236679273
121056,0.2582618767778806
121057,0.23056005713681937
121058,0.26185638884077433
121059,0.3003036716354244
121060,0.27336465150283074
121061,0.2834095136693421
121062,0.26212711969179947
121063,0.23238628710180098
121064,0.38624173828100505
121065,0.26373535714262053
121066,0.2602888163423599
121067,0.2583931076166788
121068,0.28744609560651235
121069,0.429848010661422
121070,0.2932396035369652
121071,0.2710754923045481
121072,0.30993385505988447
121073,0.2693201933624648
121074,0.3343812298490966
121075,0.2569521652798338
121076,0.4293812231812403
121077,0.2287786467275641
121078,0.22600275658945945
121079,0.2268667211783777
121080,0.2624556865026314
121081,0.27246872587325544
121082,0.2956294041723352
121083,0.27814875370470316
121084,0.2971923939501675
121085,0.23809297064106638
121086,0.2794064584483241
121087,0.25411421022092295
121088,0.26869522174223914
121089,0.2654892470343676
121090,0.22424782265290266
121091,0.28017455870189234
121092,0.2597796543831522
121093,0.25251127339705515
121094,0.251450628259851
121095,0.2681180684265677
121096,0.3789446736939368
121097,0.2744973963050964
121098,0.22880304714386324
121099,0.2266851594588175
121100,0.3157943643693636
121101,0.22540047400164176
121102,0.24715017075596024
121103,0.2281487810936006
121104,0.22766932349840197
121105,0.24995521593955128
121106,0.22763868289216616
121107,0.2340803604521372
121108,0.3727581109806656
121109,0.2990521690086726
121110,0.23872678510665002
121111,0.26268530864084594
121112,0.22812644198279364
121113,0.39518707058891445
121114,0.36989047314521517
121115,0.3696869847475749
121116,0.23262529360028406
121117,0.2566772064907098
121118,0.2578348572585817
121119,0.22165872448841273
121120,0.23986668523320376
121121,0.5607955103177351
121122,0.27122047470427957
121123,0.36396226458270464
121124,0.22557701782585038
121125,0.22673263582664616
121126,0.2386238180264202
121127,0.39276203708656054
121128,0.4079601171705096
121129,0.27410201018082647
121130,0.27458182329552283
122001,0.3056771771732292
122002,0.2791285944981631
122003,0.396570266286579
122004,0.3862641160190282
122005,0.30732444651595003
122006,0.3547255920425558
122007,0.30495376230686877
122008,0.2579485283838562
122009,0.2758833344994126
122010,0.4084379445945395
122011,0.384123639858308
122012,0.424341475280379
122013,0.26814812176807945
122014,0.27951246774938465
122015,0.42283259499563386
122016,0.3337175281481961
122017,0.351236248496003
122018,0.2624414281690386
122019,0.2537521847772529
122020,0.22763065334749566
122021,0.22983202696252003
122022,0.2286907746881659
122023,0.23033382108247324
122024,0.32631050011073615
122025,0.22263913164401694
122026,0.2766089819618598
122027,0.2231024207411062
122028,0.30243408621962375
122029,0.27176044052376425
122030,0.26149623170612435
122031,0.23156137023015622
122032,0.29109537125155993
122033,0.3334084620049914
122034,0.34751522640768473
122035,0.2360411221095312
122036,0.26226792815772493
122037,0.3983275160572164
122038,0.2638946148946777
122039,0.23377454927066588
122040,0.2326246541388356
122041,0.2309838507402644
122042,0.2758677041824168
122043,0.3519119086349065
122044,0.3565854248269398
122045,0.2549209709447292
122046,0.2619271705843652
122047,0.2788894944597664
122048,0.279809806229782
122049,0.3150036378970912
122050,0.22823989249846233
122051,0.23076443505945066
122052,0.2882317313772059
122053,0.5217152155749613
122054,0.219184059385371
122055,0.23943505971799628
122056,0.2631808525114596
122057,0.2641580499015167
122058,0.2589237307357831
122059,0.3609475295151706
122060,0.3029004180223539
122061,0.23333410091642248
122062,0.4424120817720687
122063,0.44219438828702606
122064,0.2646306418567266
122065,0.3861377344852741
122066,0.3068430318276306
122067,0.3108890012729828
122068,0.2341194440753256
122069,0.22364254487312196
122070,0.2575066940633163
122071,0.2288465062191406
122072,0.5072905338753123
122073,0.26919827258579476
122074,0.32222012122940136
122075,0.2609824183735582
122076,0.265708108267402
122077,0.34677041792877517
122078,0.28076589348555614
122079,0.2621508033123353
122080,0.30133009018946566
122081,0.23596777510484468
122082,0.21822036609559747
122083,0.2708456220643871
122084,0.28541695372054343
122085,0.2647727819729492
122086,0
122087,0.2763144526181007
122088,0.3360112211722778
122089,0.2627189167613049
122090,0.3549082667431288
122091,0.23030994211265254
122092,0.30215652370512014
122093,0.27130821467882305
122094,0.35743532084278185
122095,0.5782316744829276
122096,0.2650126294232942
122097,0.2957822272762126
122098,0.2636259573950327
122099,0.47161699132209933
122100,0.26141160131268304
122101,0.38677775381667423
122102,0.22850346283826617
122103,0.2316278116296404
122104,0.264806129731038
122105,0.2672575311165666
122106,0.2978541727803645
122107,0.23187112059614934
122108,0.2794884065723553
122109,0.24428313915483246
122110,0.22578197155634072
122111,0.28970964178881187
122112,0.3969771866252728
122113,0.2756896956864393
122114,0.2608564859782788
122115,0.3415552303720658
122116,0.26020450713537757
122117,0.2606692166279668
122118,0.3096559716538617
122119,0.3210679622458654
122120,0.2763871184138178
122121,0.2419297746045006
122122,0.3317562089921683
122123,0.2358001715095157
122124,0.23315482847726088
122125,0.22496743623304194
122126,0.22703158207052976
122127,0.3697787479160759
122128,0.25554388900103886
122129,0.25802195139778905
122130,0.26224562655667116
122131,0.2531920165952558
122132,0.33611529155236775
122133,0.26177816536087894
122134,0.3617318080208042
122135,0.30482144151789226
122136,0.3286036335122886
122137,0.26715527434852693
122138,0.2983791514203946
122139,0.35234023073921095
122140,0.2581421983979014
122141,0.2308082701882428
122142,0.3107282760955524
122143,0.22062720215916043
122144,0.2533113815204785
122145,0.26226500381356
122146,0.3334996820797814
122147,0.4144003861791129
122148,0.3927257825192588
122149,0.23118295248197418
122150,0.401578020723812
122151,0.2242934052965435
122152,0.23353424202783168
122153,0.2285298873914824
122154,0.2342727533738429
122155,0.4062717272526637
122156,0.39798367292277004
122157,0.25762961113433913
122158,0.2999183698191733
122159,0.26233182020442525
122160,0.4168621921599922
122161,0.2823595879287747
122162,0.2565361417561398
122163,0.25554739365205126
122164,0.3415077285379875
122165,0.2242976199227037
122166,0.2606432675070276
122167,0.2234845642123241
122168,0.2807047759529554
122169,0.36263217784675195
201001,0.3750688463369405
203001,0.38867885203981256
211001,0.3629182904573016
211002,0.41696917538267153
211003,0.42576040484866096
212001,0.39513614605601977
212002,0.5477641358863357
212003,0.35982487059413526
212004,0.4019029514861546
212005,0.3932534759631855
212006,0.32714121866367685
212007,0.42999321545369995
213001,0.3989458794919678
213002,0.3038478144909432
213003,0.4031707816878718
213004,0.3823653574402983
213005,0.4270448572209363
213006,0.4826451304470398
213007,0.39055651655986623
213008,0.334959654896437
213009,0.3294395254999095
213010,0.3811475849868504
213011,0.31340814690541463
213012,0.384957016577668
213013,0.3756822179373507
213014,0.344885750240597
214001,0.44875273561733386
214002,0.3809112212258081
214003,0.41989998110696236
214004,0.405060262800776
214005,0.38004750208173177
214006,0.3483645651556734
214007,0.39913810004160777
214008,0.4586380291815271
214009,0.36864410575406714
214010,0.3936054045786084
214011,0.41407349129922855
214012,0.29174514977775035
214013,0.3845283988569568
214014,0.433522287485278
214015,0.45076367762850045
214016,0.3944243113358311
214017,0.4591428385845663
214018,0.48059237319948667
214019,0.39005853719571426
214020,0.3435144525638608
214021,0.3925290383244999
215001,0.38715867261549386
215002,0.3744608182147936
215003,0.3861844051705162
215004,0.3901140601960984
215005,0.4061408218079501
215006,0.3619562942141955
215007,0.3958481363628553
215008,0.35947480824651423
215009,0.4567870064291333
215010,0.3635218460700378
215011,0.36378604752314203
215012,0.3602085815474111
215013,0.347828872941089
215014,0.3929790672617155
215015,0.3525099132245012
215016,0.4174569670467956
215017,0.35234903307232324
215018,0.47793034577676186
215019,0.32748980753280066
215020,0.4167228646139838
215021,0.4500840601110536
215022,0.32959235752094973
215023,0.3568252315033712
215024,0.4198118264597732
215025,0.4148932525671286
215026,0.3920907141210479
215027,0.4943183794783915
215028,0.4711631180856499
215029,0.3887022321473691
215030,0.32525196165829995
215031,0.3538474001741312
215032,0.40939102073032896
215033,0.32485550998681245
215034,0.45677335409379194
215035,0.3390707207611908
215036,0.4601351600762009
215037,0.35638272882807775
215038,0.43488362643617107
215039,0.34132120494284124
215040,0.40870438605631254
215041,0.4003709618915289
215042,0.3524870011643976
215043,0.33668825233103683
215044,0.35074351946450943
215045,0.38814022445669694
215046,0.40099026484146083
215047,0.319482069042746
215048,0.4258147251277984
215049,0.366657907150831
215050,0.5509965385361771
215051,0.36271443814868376
215052,0.33261241479754133
215053,0.43002477328744404
215054,0.34150100950567075
215055,0.3581824300126053
215056,0.4000134871717841
215057,0.41533939272529696
215058,0.5072400105405274
215059,0.40741680058267005
215060,0.28111673941464577
215061,0.5223619788457491
215062,0.29900528632345424
215063,0.37777918581503667
215064,0.4356590839590344
215065,0.38128432042101734
215066,0.5440154867936055
215067,0.3974337532157458
215068,0.5205344032835317
215069,0.4232338453369535
215070,0.3981605787662946
215071,0.32078478614686945
215072,0.37735633353430376
215073,0.3511684749897652
215074,0.36770067717980603
215075,0.45749473338958224
215076,0.3781043137004021
215077,0.31637380762021805
215078,0.4058281832667904
215079,0.4230622116874083
215080,0.41842108907061226
215081,0.33746756663722166
215082,0.3899477748452358
215083,0.3614143485699801
215084,0.49015997723752736
215085,0.3836937387593413
215086,0.39558703683724483
215087,0.37387765914788085
215088,0.4039790840684243
215089,0.36552825198858585
215090,0.33293537924933236
215091,0.37299021048062
215092,0.36286021761343623
215093,0.3401646951399513
215094,0.31416933327698293
215095,0.38236607819919566
221001,0.4266869021868691
221002,0.39528735286308714
221003,0.43963881233526614
221004,0.36973333674365993
221005,0.392011084346507
221006,0.4330957754627244
221007,0.48295563124919594
221008,0.3299836605082669
221009,0.4570570792983768
221010,0.31957641192178965
221011,0.30043533740733175
221012,0.4308637336626461
221013,0.549379643312252
221014,0.36100776583061434
221015,0.3411036085111706
221016,0.42214197468212367
221017,0.43166109757670945
221018,0.4638214264133095
221019,0.3711450471458705
221020,0.4264222657600436
221021,0.4707862789320464
221022,0.3526007264298848
221023,0.35175138686164575
221024,0.4384765469829073
221025,0.3003170757782061
221026,0.36005218946708295
221027,0.4970383506632079
221028,0.3676587631944408
221029,0.4227345254187176
221030,0.3622910807897798
221031,0.3607820754980964
221032,0.32757974857492966
221033,0.34996890471355857
221034,0.4051544546767756
221035,0.5044912455742694
221036,0.39623068095457326
221037,0.37949806854587453
221038,0.4417522222379002
221039,0.39773357018849853
221040,0.5164755021992524
221041,0.3766978544429034
221042,0.3805718521245789
221043,0.4751348861632577
221044,0.2892613077246281
221045,0.39917225051950844
221046,0.30002126368284554
221047,0.24459854666875347
221048,0.41237786045704794
221049,0.35727889283127745
221050,0.29580102212769477
221051,0.39080377660078314
221052,0.4023053227902701
221053,0.47845678384525514
221054,0.34776131443404135
221055,0.29925568343028797
221056,0.4229671797240232
221057,0.34795034403165603
221058,0.3620065417398223
221059,0.34982037727452864
221060,0.5099712384094813
221061,0.298025511988978
221062,0.35484183233110456
221063,0.39108552360791127
221064,0.40893408457401326
221065,0.4964729972866778
221066,0.3666778189812594
221067,0.3541268826571087
221068,0.35186365053870816
221069,0.39986798597720163
221070,0.4147152901229836
221071,0.35913406537398607
221072,0.40891096725433096
221073,0.3580888913046745
221074,0.3361501428687995
221075,0.3870372870000821
221076,0.4526504543323884
221077,0.38411513397940167
221078,0.3147469311096338
221079,0.47195413382451434
221080,0.3601772371020143
221081,0.32988896164197967
222001,0.40203531700774475
222002,0.36674263121969575
222003,0.4186796409183664
222004,0.3433731378790147
222005,0.40594905113022206
222006,0.3578215873565518
222007,0.3563800947219138
222008,0.4975841598634083
222009,0.3983716833232106
222010,0.4074044774008081
222011,0.43902421151365423
222012,0.38939448273156607
222013,0.3462255861116018
222014,0.3868044561900126
222015,0.36915328917838663
222016,0.36593029458017046
222017,0.3619148939092163
222018,0.4060455279451989
222019,0.3457526472918675
222020,0.3421552092581682
222021,0.4711881965531687
222022,0.4236306293623022
222023,0.33283747847468825
222024,0.3642390067102135
222025,0.39490996077835705
222026,0.4536959965053622
222027,0.3700946259332457
222028,0.4140975981914954
222029,0.3351491629635094
222030,0.37579351475078493
222031,0.37606835232624203
222032,0.301774290487558
222033,0.42267188926389365
222034,0.4098410979160013
222035,0.5011134323392502
222036,0.4192124047793395
222037,0.44234813200690415
222038,0.46310376715260415
222039,0.4203318984434421
222040,0.34096649110844623
222041,0.3827653301548023
222042,0.5038053521236051
222043,0.40037969198616197
222044,0.4010033796258824
222045,0.4007532197737196
222046,0.3565028628795097
222047,0.3482049981959797
222048,0.42408461225603555
222049,0.445383864383889
222050,0.3094461425437547
222051,0.42152413026011215
222052,0.4202246163950404
222053,0.3893814005510813
222054,0.4300891913582643
222055,0.4512853925108369
222056,0.5065134084582211
222057,0.38971795121422315
222058,0.27669457501961237
222059,0.43035801999622747
222060,0.3658617905601851
222061,0.3323046574655697
222062,0.40372580700752025
222063,0.4104109105183571
222064,0.36990909050185783
222065,0.47956360646168106
222066,0.35399299423662933
222067,0.40874357325694677
222068,0.33662023324422374
222069,0.5483538007923043
222070,0.40226509469888727
222071,0.35708129320737714
222072,0.4887516427626115
222073,0.3521414395963034
222074,0.545150470012848
222075,0.34359875487749847
222076,0.4893435089253281
222077,0.4899994441753637
222078,0.32043407134785107
222079,0.37134947621419534
222080,0.3771080610751436
222081,0.44879504424875416
222082,0.35019965524410357
222083,0.3452855275855472
222084,0.3111621275641787
222085,0.41041713525591705
222086,0.400338891569901
222087,0.4473373411703816
222088,0.4691753254554667
222089,0.3366960899523975
222090,0.3644703760435597
222091,0.4739418666516836
222092,0.32314405221557907
222093,0.357634771871428
222094,0.39955588944276754
222095,0.3626862707178371
222096,0.42697346261183056
222097,0.3552232634146363
222098,0.4194745052517598
222099,0.4229740088496623
222100,0.3769133766109888
222101,0.412913141117503
222102,0.4099824237800235
222103,0.355234128278605
222104,0.4315446533259675
222105,0.394255926455213
222106,0.40439197570728536
222107,0.35571056738941276
222108,0.34280796572863415
222109,0.4015122535557849
222110,0.3275088592601697
222111,0.3215933433270304
222112,0.32393447137563947
222113,0.39272512140469085
222114,0.32967489608150113
222115,0.40817840037551334
222116,0.3554928118256313
222117,0.533783674650568
222118,0.3460618742167003
222119,0.3607456442701774
222120,0.39032650280059367
222121,0.44660412580963416
222122,0.3400738989536356
222123,0.35631566557072747
222124,0.37361951904710733
222125,0.4364798627495826
222126,0.48443682530417387
222127,0.40644509263397255
301001,0.24315334923463627
302001,0.22916918148496734
303001,0.40149437330768045
303002,0.2415980741043966
303003,0.41445076636487677
311001,0.356067880425757
311002,0.3273316106198769
311003,0.28307726525283494
312001,0.26746803359779026
312002,0.3034447839093375
312003,0.2502621306494276
312004,0.2546853515358015
312005,0.6720688106943797
313001,0.2620652933556882
313002,0.2378962678754154
313003,0.30867675600329303
313004,0.41465261372294693
313005,0.2566951014538784
313006,0.24607146558879833
313007,0.2776009920052682
313008,0.3181752239398431
314001,0.3621533005930143
314002,0.4166111729112696
314003,0.3972958683848775
314004,0.24228212807239224
314005,0.33289868191442185
314006,0.3754869517901236
314007,0.44333549094551483
314008,0.27025590931723653
314009,0.34082299737847954
314010,0.4042567817268793
314011,0.33041721417574776
314012,0.2829861653839759
314013,0.4053244283779214
314014,0.2878178770627814
314015,0.41268167715088633
314016,0.4062533148222087
314017,0.4008187645987543
314018,0.24119041055612622
314019,0.23519239362803934
314020,0.30057179153753866
315001,0.4201848852231037
315002,0.41913355791337503
315003,0.4127824130009706
315004,0.4047766268849611
315005,0.32322120975808377
315006,0.5196387370946206
315007,0.24228661084225378
315008,0.24646173548853179
315009,0.388555193287081
315010,0.2541813309518359
315011,0.2640579001501082
315012,0.2576126104430321
315013,0.3056294136079333
315014,0.4199166819641029
315015,0.24321248001775275
315016,0.24248110418557667
315017,0.4960963863680835
315018,0.284119370547969
315019,0.270079357405579
315020,0.3326313994735879
315021,0.4284748346049736
315022,0.2830358661596578
315023,0.6417420684537403
315024,0.39618316495622596
315025,0.3826219989279277
315026,0.24486674163724553
315027,0.2479092874315999
315028,0.27908181184090286
315029,0.5131233449105521
315030,0.2507233995411382
315031,0.6148672208945903
315032,0.24434636619957795
315033,0.4009082580768497
315034,0.31637583097798105
315035,0.265718031890516
315036,0.25631098597983604
315037,0.2955485304777733
315038,0.24568550584829318
315039,0.5684899582949757
315040,0.35460783783759553
315041,0.35476219935134656
315042,0.39820823888786616
315043,0.2596986774726656
315044,0.42304604984679595
315045,0.22910622057854801
315046,0.24164548967295052
315047,0.24421161777235312
315048,0.2635034425387236
315049,0.260584054099829
315050,0.28734444209653276
315051,0.47537653911383715
315052,0.402698550609477
315053,0.26560447715047864
315054,0.24561096644760383
315055,0.5557153008318999
315056,0.25970382175866935
315057,0.22987129737994771
315058,0.41476841556377286
315059,0.25009746349426454
315060,0.3644961990974013
315061,0.28518774215905074
315062,0.3898347141900024
315063,0.349164383633472
315064,0.3071346590811408
315065,0.3676580019534774
315066,0.3120930777832043
315067,0.2458543563767548
315068,0.26919390452777014
315069,0.4022308439292368
315070,0.2339351626078996
315071,0.3335479391516635
315072,0.35341859513938445
315073,0.307091962154039
315074,0.28388142359417734
315075,0.2824122684860709
315076,0.40912154798527856
315077,0.2900859817814855
315078,0.4094878615956681
315079,0.24605603752020722
315080,0.29392564110764974
315081,0.2497389402579948
315082,0.40050556925771064
315083,0.36857250839710387
315084,0.24164816798317623
315085,0.41868435971917384
315086,0.2469127639283355
315087,0.2584180761773176
315088,0.2289089460811775
315089,0.24965399725370685
315090,0.35801135201492895
315091,0.40586268888586396
315092,0.2793185533069521
315093,0.3167941600647608
315094,0.4044162396761748
315095,0.24428618526565815
315096,0.25469761884331876
315097,0.4165284694622493
315098,0.36099250323802445
315099,0.2554652942023157
315100,0.3885258550933056
315101,0.285190054602664
315102,0.2867223409756089
315103,0.41079739773521484
315104,0.2526383041877198
315105,0.2855345486495743
315106,0.24631358063180941
315107,0.3981512467098318
321001,0.280664601670928
321002,0.2561721352428138
321003,0.2799919060944639
321004,0.27167129217218633
321005,0.25963398427902995
321006,0.3558998047134303
321007,0.3035181460918043
321008,0.23443600006692478
321009,0.4063209322366832
321010,0.301003069382763
321011,0.27916744002660865
321012,0.24896532980434294
321013,0.41802806943754334
321014,0.519709379548745
321015,0.27769008056344446
321016,0.28228865757910393
321017,0.41878928598463816
321018,0.42105945350991325
321019,0.24705502202536178
321020,0.33033385646686697
321021,0.2362834762642988
321022,0.39853593586139247
321023,0.2853035807687405
321024,0.35424061581078514
321025,0.23624600241705085
321026,0.41664641960741766
321027,0.231051481335676
321028,0.26223690866437543
321029,0.2513105799558023
321030,0.24455238873924823
321031,0.40083952193495265
321032,0.26022919451188065
321033,0.2516215720833084
321034,0.2521913291448221
321035,0.2518314505241257
321036,0.22830373809183024
321037,0.2613655305904531
321038,0.24647452759745014
321039,0.24951904677756054
321040,0.24673455441863223
321041,0.2812889679060686
321042,0.32814176687885543
321043,0.39646386205186346
321044,0.24277256243401568
321045,0.2652337103884008
321046,0.24359737377854118
321047,0.2578721038276238
321048,0.40580654450925724
321049,0.2664196903777506
321050,0.28656694063203725
321051,0.2846686876562633
321052,0.2758885063387122
321053,0.42202385578207624
321054,0.3820994549862604
321055,0.3164559174348407
321056,0.40815100140293903
321057,0.5248138971695647
321058,0.3120037836944668
321059,0.31480508953160036
321060,0.25624087243782834
321061,0.5528903002386472
321062,0.2442872451657231
321063,0.26742460609907803
321064,0.3165473833348095
321065,0.2476673723505013
321066,0.24853566032340135
321067,0.4079981051472973
321068,0.26662978312176544
321069,0.23859342029376585
321070,0.23283618329031563
321071,0.24955385297176436
321072,0.2583225738628111
321073,0.4137849088565507
321074,0.23219493470440444
321075,0.25969531292656367
321076,0.4098027647922038
321077,0.4318953007284989
321078,0.23246290781311207
321079,0.3162908358319254
321080,0.23985553594944142
321081,0.38913666558733806
321082,0.4106635069960147
321083,0.5527780372180833
321084,0.25769352452882355
321085,0.25990859556013446
321086,0.2584227013300868
321087,0.2648891556291776
321088,0.22389017463029515
321089,0.4611269878920946
321090,0.28091939454344506
321091,0.5701680902096433
321092,0.42377415586536027
321093,0.5589567299136626
321094,0.2510916097940409
321095,0.43121855563085376
321096,0.248024044195699
321097,0.4309256865938481
321098,0.36154981008852183
321099,0.2696801084892767
321100,0.26354429973352356
321101,0.41153138729274574
321102,0.42118945846410116
321103,0.2513362149191368
321104,0.3384940931207864
321105,0.3629636761367534
321106,0.30669595186741516
321107,0.25709427207451696
321108,0.2597283817068653
321109,0.41569768198432044
321110,0.4162284785353516
321111,0.26747346248526094
321112,0.24035491996002523
321113,0.27911989284537164
321114,0.4067675948106152
321115,0.5876455858187999
321116,0.2798433882985455
321117,0.2512383663960992
321118,0.3984241327441248
321119,0.25910373487247573
321120,0.3711268187515421
321121,0.4184904416837355
321122,0.2821669810078279
321123,0.4134101827924861
322001,0.41040984473562725
322002,0.4713383130132527
322003,0.3928345248449143
322004,0.22715732392282262
322005,0.5163676739607924
322006,0.40839665273373804
322007,0.482960652244509
322008,0.35811166371736725
322009,0.42140910498982176
322010,0.35770821948627707
322011,0.25771768854743926
322012,0.24591992305808064
322013,0.2458955287822393
322014,0.30201476892113355
322015,0.40930615025171035
322016,0.38182642415339185
322017,0.2747949272860528
322018,0.24823655275085732
322019,0.2447240033170316
322020,0.7028182205741716
322021,0.2623607899107364
322022,0.5928183046923587
322023,0.25679519978957965
322024,0.25836340044839345
322025,0.22976161616818758
322026,0.4131098833840494
322027,0.31064178834074174
322028,0.4041049823794043
322029,0.39662512283210516
322030,0.27232114673288454
322031,0.4042418519482587
322032,0.42546180869612904
322033,0.41714690004817656
322034,0.24163745921950297
322035,0.36053528196681683
322036,0.31333670642581424
322037,0.4116134741130475
322038,0.3587520862967022
322039,0.2543928723533817
322040,0.3648063570121388
322041,0.3586840381608797
322042,0.3756864408065893
322043,0.4030881959467353
322044,0.26729589160401335
322045,0.49754114635357016
322046,0.4063302476313144
322047,0.2790907580013309
322048,0.2872948879662286
322049,0.35430016514879237
322050,0.28357734825015535
322051,0.3604433947993
322052,0.41746141788755
322053,0.31613795402450107
322054,0.2550956476594246
322055,0.36724632293874226
322056,0.2844297845101461
322057,0.25658024569779947
322058,0.3247812210973663
322059,0.40945478221660647
322060,0.6024804523745042
322061,0.3959941464486272
322062,0.25478778866488105
322063,0.3170123403449049
322064,0.2726275055140599
322065,0.22909021027530685
322066,0.35995817056782065
322067,0.2636444585914809
322068,0.41510055799249423
322069,0.2486492576484607
322070,0.29764101414703914
322071,0.3682177110873771
322072,0.2588191048125078
322073,0.3777459127547623
322074,0.2840133282595052
322075,0.3666557914424893
322076,0.4178504450837961
322077,0.2941296276943637
322078,0.4062947005951384
322079,0.4364832540288792
322080,0.3671823894565628
322081,0.31295228165773215
322082,0.2518417616198021
322083,0.2934460998045878
322084,0.4060200905162976
322085,0.27896157670768773
322086,0.25894563923832215
322087,0.3797436517870998
322088,0.3227649149599453
322089,0.4002905563654361
322090,0.40088256242474973
322091,0.2683691835465558
322092,0.24858244296128706
322093,0.253044994681344
322094,0.40969628987940354
322095,0.2712488089630969
322096,0.2473893387335917
322097,0.29667847371973444
322098,0.27005735646520157
322099,0.3543237049566924
322100,0.41712250530570727
322101,0.39731967289060754
322102,0.32237726061608674
322103,0.2715271929590699
322104,0.40787209970174587
322105,0.2909306368525214
322106,0.23192577576162243
322107,0.3022918836154874
322108,0.3905953198442069
322109,0.4926142407428009
322110,0.23836252654922052
322111,0.41605408330770544
322112,0.4169548096484056
322113,0.33089842133595526
322114,0.5827516675101414
322115,0.3280667552960028
322116,0.351068468873045
322117,0.2595873287356133
322118,0.4129671597020723
322119,0.41766579298757367
322120,0.2584518484670034
322121,0.4250268108830346
322122,0.4139192491930661
322123,0.32399098270956994
322124,0.4153695344900218
322125,0.25209645731752084
322126,0.38656945552378774
322127,0.35744484598480253
322128,0.2929398509734086
322129,0.24273975173458462
322130,0.39185137364042344
322131,0.3017858116147133
322132,0.27084604996759865
322133,0.32359915802126005
322134,0.2669235483373471
322135,0.3794526328855107
322136,0.6886564632521657
322137,0.4429538869931099
322138,0.39874376495270025
322139,0.27316640918160084
322140,0.28111495648919926
322141,0.43901520993503984
401001,0.6209331972730225
412001,0.6271620486595304
412002,0.4851780450148464
412003,0.6010970591209082
412004,0.7010334309227146
413001,0.6150598818937887
413002,0.6099145087245939
413003,0.5990564118151964
413004,0.7111463719637774
413005,0.6772866534494053
413006,0.6847715817887123
414001,0.624946746867778
414002,0.6037688506298204
415001,0.6226611362871942
415002,0.6278819889232033
415003,0.6475638123162475
415004,0.6132990300995712
415005,0.5936183593677615
415006,0.5891581930240757
415007,0.5297919379717427
415008,0.7944176611363545
415009,0.6519509007987483
415010,0.8815800915830901
415011,0.6755889522835239
415012,0.6295379142153639
415013,0.6127627853210447
415014,0.6699047097355263
415015,0.6688906921873901
415016,0.6304963377444122
415017,0.6171145054564622
415018,0.5354639985292156
415019,0.6299314034711465
415020,0.6149009168861257
415021,0.5855387983428852
415022,0.6236763691550862
415023,0.6570115030531137
415024,0.6048688881960892
415025,0.6121300685190855
415026,0.6127857482652486
415027,0.5018773338950894
415028,0.6684355031206521
415029,0.607208955233877
415030,0.6102675586003234
415031,0.5118103071636564
415032,0.6103474600047506
415033,0.49739119674861854
415034,0.6702479789204661
415035,0.7076114706321811
415036,0.587948722465619
415037,0.5269499188768892
415038,0.7853171335404604
415039,0.7655682316708169
415040,0.5912141705967396
415041,0.6238910755262628
415042,0.6854732587919953
415043,0.6312138591483973
415044,0.6081446439239959
415045,0.671260800735896
415046,0.6216773834496071
415047,0.6108751141118319
415048,0.6134311028861195
421001,0.7799241555837207
421002,0.6503846060480911
421003,0.6154779907599435
421004,0.6488527568937414
421005,0.7013007082252753
421006,0.6243410098138885
421007,0.6862381149982457
421008,0.6939041152157772
421009,0.694983575298157
421010,0.6109899725678629
421011,0.6310762871504376
421012,0.6743697581232189
421013,0.62677775778809
421014,0.6170071636187202
421015,0.6353918576902944
421016,0.6196923178182805
421017,0.6067817630840113
421018,0.5456939142481503
421019,0.7211031022939587
421020,0.5635868911484507
421021,0.7399445602693833
421022,0.6077356284625433
421023,0.6371229482901369
421024,0.6091762236719289
421025,0.5811196430852635
421026,0.5978907438500394
421027,0.6461618374397886
421028,0.6147445316232089
421029,0.49285119514290177
421030,0.622920401796137
421031,0.6824287954790389
421032,0.5868884018753855
421033,0.5553104233852233
421034,0.6747556956862628
421035,0.48033825658742413
421036,0.6524840442535582
421037,1
421038,0.6396700285604369
421039,0.6286412863277007
421040,0.6377902432241713
421041,0.616172023745357
421042,0.6289777454663639
421043,0.7406308825966054
421044,0.6095990563108048
421045,0.6380545754846118
422001,0.6124103649379367
422002,0.48147918168382153
422003,0.9635182184356519
422004,0.6105078302054681
422005,0.6931768274454464
422006,0.6448622975068881
422007,0.512339237698084
422008,0.6128985371838864
422009,0.6547468401033112
422010,0.6851653992095094
422011,0.6790897720450687
422012,0.6652980689547907
422013,0.6047646377610023
422014,0.6108845773933382
422015,0.6138892783410358
422016,0.614175760856557
422017,0.5963385772645512
422018,0.5955340281456132
422019,0.6347811819523128
422020,0.5691065734807701
422021,0.6335304740244678
422022,0.727678383123376
422023,0.7094889299643421
422024,0.9729326840969087
422025,0.4948676997895185
422026,0.5853344496455715
422027,0.6189628620819285
422028,0.6780902062261875
422029,0.5198629746697716
422030,0.9872897111755787
422031,0.6202916252432592
422032,0.5009044131977103
422033,0.6138672193279382
422034,0.6996242597743909
422035,0.5300168945621955
422036,0.609042571211269
422037,0.683405089611776
422038,0.6410795599782961
422039,0.6089175529611597
422040,0.6453246220780349
422041,0.6898906642725315
422042,0.6568218980623666
422043,0.6407317379221373
422044,0.6408898103015319
422045,0.6629700868929047
422046,0.5072167893348973
422047,0.6616268615915666
422048,0.6157457952606088
422049,0.6073092702528615
422050,0.4962636493679258
422051,0.4909621854617332
422052,0.5589379197183755
422053,0.6232193473334837
422054,0.6427699007322596
422055,0.6320248129124592
422056,0.6026683232984849
422057,0.6977564716555837
422058,0.6830221945405079
422059,0.7709095628001842
422060,0.48266203210698455
422061,0.8227560609082682
501001,0.3614223298199559
511001,0.3374178856572754
512001,0.38366577702101934
512002,0.321515513412166
512003,0.36851272930031787
512004,0.34435373336328345
512005,0.5732999863343389
513001,0.3555437655882775
513002,0.5175728314903554
513003,0.3932822705740805
513004,0.4504369879279768
514001,0.35394365283560325
514002,0.5326412600475753
514003,0.30786349822748615
514004,0.5259521624351594
514005,0.39391779345396205
515001,0.3405090171769505
515002,0.34405417698967966
515003,0.3710916212372558
515004,0.3305468639516158
515005,0.3109794995331875
515006,0.3904729119931071
515007,0.3672394880333094
515008,0.5411737328180153
515009,0.3389557089794083
515010,0.34364114908646104
515011,0.31370622388100744
515012,0.3103586812035457
515013,0.6124483481274653
515014,0.3489442051100178
515015,0.34911236922264355
515016,0.3306096220412863
515017,0.57238016452320994
515018,0.39594226801899024
515019,0.5914428148838833
515020,0.3399108593653324
515021,0.4523801397568039
515022,0.3806803645873178
515023,0.3834586531048205
515024,0.39466333990093083
515025,0.44938495386106014
515026,0.3540281390432627
515027,0.35217708017093996
515028,0.4494572019339851
515029,0.35749672642052255
515030,0.39509308171990687
515031,0.3530534027906802
515032,0.40365212229131975
515033,0.3587831125139065
515034,0.3952244749840754
521001,0.35179702152015113
521002,0.3049358432280783
521003,0.3852597254783955
521004,0.7250065672033432
521005,0.39762805992988515
521006,0.5217992216155447
521007,0.37270398230061275
521008,0.33715756645798967
521009,0.354375184903969
521010,0.39704220098644016
521011,0.44319405565141234
521012,0.34414319098491797
521013,0.3426054948239474
521014,0.36269215286511647
521015,0.3775063850089857
521016,0.5602340552684657
521017,0.4275840532517893
521018,0.3102020199899622
521019,0.41411143659352545
521020,0.4078404873369079
521021,0.30833437548479203
521022,0.35659699443664816
521023,0.3705209748761289
521024,0.3047374242312534
521025,0.4067354873270441
521026,0.4037687621059195
521027,0.6584410555042779
521028,0.4754330984224473
521029,0.3640416979660209
521030,0.57360127717293
521031,0.4312613500332081
521032,0.3801771643726122
521033,0.3534943415389923
521034,0.5720437194318606
521035,0.5887908617190516
521036,0.3820462806698013
521037,0.3736752000148579
521038,0.4934327167489432
521039,0.39236771094585254
521040,0.46607153753425057
521041,0.37000893338216023
521042,0.3620310757661691
521043,0.5613462626102541
521044,0.3457484156688081
521045,0.36586844897966964
521046,0.34318375288396163
521047,0.38672804319985077
521048,0.3327512800360609
521049,0.39745369076250425
521050,0.4153344216861933
521051,0.4050843894288293
521052,0.36067777973392123
521053,0.4927927389321971
521054,0.38777063286633295
521055,0.4042230633484516
521056,0.35938690983533095
521057,0.3827061285303335
521058,0.5734244989668457
522001,0.3415790013148201
522002,0.5016847270065203
522003,0.6161738673258124
522004,0.5061998483990271
522005,0.3694529506241808
522006,0.4431698548438876
522007,0.39616468657112125
522008,0.37015725623618034
522009,0.34394158526530316
522010,0.36943876417492316
522011,0.38426483906077
522012,0.3485433044491981
522013,0.3496279792747595
522014,0.30669786127643683
522015,0.3857530319163327
522016,0.39664253085095147
522017,0.46990644840376516
522018,0.3393904328777262
522019,0.3737064954333146
522020,0.4996592769303796
522021,0.41237545749307813
522022,0.3593260766093317
522023,0.34848833424271675
522024,0.342970357595905
522025,0.36905405507054423
522026,0.36358859620248296
522027,0.4364523052048215
522028,0.5635691730459037
522029,0.5107640256985235
522030,0.38451638645042885
522031,0.7923417686282707
522032,0.4387378389191713
522033,0.43218204681421535
522034,0.4324689465130228
522035,0.4360024717948756
522036,0.6308128977372236
522037,0.3495934235245842
522038,0.5723708876543394
522039,0.5006804756175343
522040,0.7001121543109889
522041,0.37155422512911906
522042,0.4569861794857537
522043,0.3773811123135611
522044,0.3308721167004737
522045,0.44918149113548667
522046,0.35867990687044293
522047,0.3290372790266478
522048,0.4050032736091014
522049,0.48010388139088667
522050,0.39269130133988306
522051,0.3809725993847568
522052,0.7863780423878408
522053,0.3698928606425381
522054,0.3465265362968808
522055,0.7946147399438954
522056,0.6278870312440572
522057,0.367661358460008
522058,0.40820527870539114
522059,0.3834793664376698
522060,0.5575776617408841
522061,0.3797026235495129
522062,0.4247677046521451
522063,0.3508516832848132
522064,0.6027767654797578
522065,0.5230770309377373
522066,0.8570311188728041
522067,0.34899681621414624
603001,0.18573224994466442
611001,0.22850058347958957
612001,0.25546483737886105
613001,0.2705258060303086
613002,0.260685630171393
614001,0.1940235961148823
614002,0.27680964824517085
615001,0.24328604786815344
615002,0.244391878789888
615003,0.23344252804149057
615004,0.2386203577447863
615005,0.17773806723204522
615006,0.22212566871700534
615007,0.24457732459471837
615008,0.2286341079202744
615009,0.18749220486863538
615010,0.25253079674606727
615011,0.23254914228526546
615012,0.22459054614075413
615013,0.1819067228205754
615014,0.18188728177380453
615015,0.2646006013312774
615016,0.22410897979769862
615017,0.25190409768337463
615018,0.2504463238621617
615019,0.22601146242595627
615020,0.2507423907821683
615021,0.29579977642488164
615022,0.18151236709336382
615023,0.2013796835128452
615024,0.23382712735896272
621001,0.18661649780713385
621002,0.20621936100668659
621003,0.17680937750082304
621004,0.22341804441534763
621005,0.35279679506249184
621006,0.183009467686167
621007,0.18473969183250216
621008,0.18657175860908015
621009,0.23721321858632238
621010,0.23429382497573326
621011,0.18143290672833745
621012,0.23636127299984033
621013,0.18068346239096622
621014,0.19933356978062433
621015,0.17919923894217438
621016,0.1758326650451304
621017,0.24947175133803534
621018,0.1882148829811977
621019,0.18578392468014726
621020,0.2594654986389907
621021,0.1982121270510493
621022,0.18124530645441406
621023,0.1783132933154722
621024,0.19692663703378
621025,0.20054343694058463
621026,0.25382867109947427
621027,0.2664294011674859
621028,0.18565983128205543
621029,0.17981758784100121
621030,0.26125314061845606
622001,0.1950379910841883
622002,0.2021158458736948
622003,0.20607884121777142
622004,0.22811140924183104
622005,0.2196064900640099
622006,0.18818195570073515
622007,0.22932806021335772
622008,0.1890193257142777
622009,0.17742899074116691
622010,0.23357029390513862
622011,0.1803871432514792
622012,0.17219822762501413
622013,0.16581478396286053
622014,0.1815619478447511
622015,0.2370609095837426
622016,0.20094544268804293
622017,0.25815027585689265
622018,0.18665901010621733
622019,0.2603586699635504
622020,0.2676927409398089
622021,0.2375430287504704
622022,0.1974294964162573
622023,0.17996581449550697
622024,0.23133899020859217
622025,0.24716502191972156
622026,0.20544318030799114
622027,0.24408305667882413
622028,0.16807208471489832
622029,0.1795833179728451
622030,0.269785662979523
622031,0.21782979146821402
622032,0.203307769164488
622033,0.2832343158575059
622034,0.29390143064184926
622035,0.23775758900157973
622036,0.2687597464699
622037,0.16803474569277888
622038,0.25864817958434794
703001,0.48709781772552174
712001,0.8965874308939584
714001,0.5654429803427969
715001,0.46180089839583116
715002,0.48506834449555125
715003,0.4714745312017109
715004,0.46937705054474066
715005,0.5668923186860209
715006,0.4560591687924652
715007,0.7503418067664748
715008,0.5447028125982487
715009,0.46064082802309725
721001,0.7974908643502701
721002,0.5193327159255903
721003,0.523547988927203
721004,0.598904483930111
721005,0.6704563084032098
721006,0.47739597525732114
721007,0.9173611572073858
721008,0.48945371709561947
721009,0.492877638413177
721010,0.4983762849883424
721011,0.7025282335763082
721012,0.5418207840601708
721013,0.47763370642378944
721014,0.8983928265879518
721015,0.5682069011437587
721016,0.4572326391586282
721017,0.854129759028438
721018,0.941152774797786
722001,0.5173803595657036
722002,0.7248546201651228
722003,0.8971250704600776
722004,0.804678878090016
722005,0.923812775309164
722006,0.5674913091896934
722007,0.5102883622523806
722008,0.5686182973623228
722009,0.5302393647114092
722010,0.7652808109310175
722011,0.6779649762913478
722012,0.8986548465607813
722013,0.5827533504779369
722014,0.8751719430636556
722015,0.865916789072346
722016,0.5820071376856508
722017,0.44824857810945706
722018,0.5892391648279589
722019,0.44196517511487676
722020,0.9473710290210205
722021,0.5343259814498463
722022,0.5509817999286503
722023,0.85464659866786
722024,0.8897601807357834
722025,0.5411280507204238
722026,0.4461734518641022
722027,0.6127320724774101
722028,0.9213818184037501
722029,0.5154631979684361
722030,0.4863246341695434
722031,0.8486117750957239
722032,0.4597012821088491
722033,0.8186562868927146
722034,0.7650754874571094
722035,0.6350360367242422
722036,0.8558291258667363
802001,0.30670925541639094
822001,0.3109989172857792
922002,0.2570669539866396
