InputID,TargetID,Distance
101001,31275,0.073803946771
102001,31283,1.01452618579
102002,33292,0.100087959328
102003,31220,0.0478034299402
102004,31240,0.0406855661541
103001,31278,0.0528788827064
111001,31289,2.07557195167
111002,33298,0.121816195646
112001,31252,1.48715589523
112002,31275,0.678964509918
112003,31241,0.297492666145
112004,26273,0.050375580513
112005,31252,2.73964945675
112006,31282,0.943168241626
112007,25879,0.28247299762
112008,30556,3.33258546149
112009,31280,0.168513590363
112010,31252,1.9788054908
112011,26263,0.0345649583053
112012,31228,1.85270914013
112013,31289,2.8458147493
113001,33098,1.36019912376
113002,25879,0.0141050159072
113003,25921,0.0205338416938
113003,25925,0.0205338416938
113004,31278,0.384939255485
113005,30571,3.59091008868
113006,31307,1.74203453049
113007,31224,0.0762916361227
113008,26018,0.372723386132
113009,31307,3.73807519209
113010,33104,0.24690225983
113011,25504,0.117198566673
113012,31241,0.207607640523
113013,31252,0.910330841777
113014,25302,0.0990931820769
113015,33298,0.968639518505
113016,26203,0.0427132526507
113017,31252,2.90899095455
113018,33301,0.0747215979521
113019,33298,0.588286583628
113020,25908,0.204933256834
113021,25577,0.0980991905898
113021,25573,0.0980991905898
114001,26262,0.235695481526
114002,25879,0.523108610516
114003,7767,0.950343911377
114004,31283,2.40029710585
114005,31307,2.33458760699
114006,31278,2.24110150914
114007,31307,2.29703767701
114008,31278,3.02157100162
114009,31222,1.50765708959
114010,33298,2.35386217157
114011,33284,0.16672869861
114012,31222,2.04753573464
114013,31307,3.60569851371
114014,25876,0.070691720966
114015,31229,0.067066478273
114016,14761,0.0192730020928
114017,31222,3.35007291506
114018,31278,0.431253061593
114019,31252,1.72385857837
114020,31220,0.213428421743
114021,33098,0.0309142484297
114022,33298,3.14327749013
114023,31220,0.178424277503
114024,31230,0.0131813118136
114025,33298,1.13725128623
114026,31280,0.098489452121
114027,25301,0.0411381050355
114028,31283,1.99709403909
114029,26337,0.192725272244
114030,33080,0.0778086539406
114030,33076,0.0778086539406
114031,31307,2.13967860058
114032,31283,1.53467142438
114033,31283,2.33842344549
115001,33298,1.02834764717
115002,25879,0.133584319833
115003,26117,0.00879627516494
115004,25676,0.286900722674
115005,26228,0.0143575472269
115006,31307,3.48442144188
115007,26358,0.0977297189881
115008,31278,0.320874639879
115009,31307,2.35423203958
115010,31307,2.07942621857
115011,33098,2.42730507073
115012,31282,0.130938022571
115013,31283,2.03885268232
115014,14636,0.166776240669
115015,31222,0.140552845128
115016,7849,0.0147329593313
115016,7845,0.0147329593313
115017,31280,0.250680391524
115018,31222,2.54500239607
115019,31275,0.781236065929
115020,31252,1.8200413082
115021,25973,0.0120309225959
115022,31284,0.657406276894
115023,26262,0.170355112794
115024,31283,1.92526918394
115025,31252,6.13637279548
115026,31252,0.459477030718
115027,33098,0.165553078155
115028,31283,0.463428947592
115029,33298,0.371415119735
115030,25835,0.0501130104403
115031,31221,0.12320612258
115032,31226,0.175244753725
115033,31280,0.528708078761
115034,33288,0.0893388993116
115035,31283,0.861976125867
115036,31278,0.3748539358
115037,31221,0.0389696150014
115038,31280,0.0285859697195
115039,31280,0.234774466152
115040,31278,2.34534287204
115041,31252,5.58919626322
115042,31278,0.342778479453
115043,31278,3.93034633198
115044,31283,3.10621972699
115045,31251,2.82308265906
115046,31251,3.66710448431
115047,25878,0.313935670272
115048,26229,0.0412527863821
115049,31282,1.31283831648
115050,31280,0.132009936739
115051,31289,2.40802624789
115052,26308,0.0577756868959
115053,31241,1.09038037918
115054,31222,0.358837315211
115055,31278,0.336435009548
115056,31228,0.330449097053
115057,14747,0.0179294757255
115058,31283,2.8954607713
115059,33094,0.252001547265
115060,25870,0.0128471625671
115061,31307,2.28794913704
115062,31283,2.77034428308
115063,33104,0.182995875451
115064,31252,0.303564842878
115065,31253,0.0928371266999
115066,25504,0.20271764808
115067,31252,2.98591309775
115068,31252,0.309225399816
115069,31224,0.561841499475
115070,31280,0.124093018235
115071,31283,2.71055554904
115072,33298,0.328209747576
115073,31252,1.88550546425
115074,33091,0.188462441732
115074,33095,0.188462441732
115075,31283,2.165522117
115076,31222,1.3863013093
115077,31283,2.15885954536
115078,25908,0.228118765527
115079,25397,0.0448179544187
115080,31307,3.32765784784
115081,33298,0.176170460533
115082,31278,0.353964792288
115083,31289,2.28328143216
115084,31289,2.28518743636
115085,33080,0.0473073865906
115085,33076,0.0473073865906
115086,14761,1.39606342053
115087,31289,2.19193472381
115088,26018,0.397145071266
115089,31283,2.73834999882
115090,31252,1.24849056531
115091,31228,0.00922945929864
115092,31224,1.80435506326
115093,31252,0.412599720716
115094,25879,0.625928070532
115095,31283,4.50127388109
115096,26262,0.132588292488
115097,31230,0.0371870955937
115098,33298,5.02669445555
115099,33098,0.119990127462
115100,33091,0.173300148298
115100,33095,0.173300148298
115101,25564,0.0310338175364
115102,31224,2.25231052512
115103,25574,0.0903892782942
115104,31252,2.23692798056
115105,25838,0.139802113027
115105,25834,0.139802113027
115106,31221,0.169082040486
115107,31283,1.37926336877
115108,26308,0.0360188558957
115109,31289,3.44104776094
115110,31252,3.08017413877
115111,31252,4.3112760786
115112,33283,1.187737727
115112,33290,1.187737727
115113,31221,0.154638246129
115114,25908,0.10659360548
115115,31278,0.386995946722
115116,31252,1.08929605585
115117,33298,1.6551203588
115118,31252,0.375239802566
115119,31278,0.225449535853
115120,25848,0.0370694975917
115120,25844,0.0370694975917
115121,31232,0.0210832960796
115122,31280,0.184170682572
115123,33283,0.414952950578
115123,33290,0.414952950578
115124,25876,0.0543966481536
115125,31225,0.079368591423
115126,31221,0.169298374263
115127,33110,0.0132083626362
115127,33106,0.0132083626362
115128,33284,0.205991217509
115129,26093,0.0279560082222
115130,31282,0.0622476775086
115131,31278,0.360977581133
115132,25460,0.0268567282676
115133,14636,0.0224568385606
115134,31227,0.0664708093898
115135,31283,2.93615029543
115136,33094,1.37702779403
115137,33283,0.456752714593
115137,33290,0.456752714593
115138,31278,0.387402774112
115139,31307,2.13529165674
115140,7767,2.15661393522
115141,26309,0.176527899822
115142,33098,1.52627156942
115143,31222,0.0209962891281
115144,33097,0.055372166782
115145,31280,0.0484111654677
115146,26342,1.39948100099
115147,31251,4.52019726502
115148,33283,0.388880172297
115148,33290,0.388880172297
115149,31252,0.994645847578
115150,31222,2.63814485964
115151,31252,3.68108111122
115152,33298,3.43530604181
115153,31252,2.30316429968
115154,30556,3.1341040492
115155,33298,1.80535506394
115156,31283,3.4646123192
115157,31252,0.253788343854
115158,25908,0.272100680486
115159,25879,0.156163021092
115160,26032,0.0202981075919
115161,33325,0.0832956154107
115162,33325,0.0635946174969
115163,31307,3.8080245161
121001,31283,2.14988238824
121002,31251,3.21040755936
121003,25620,0.0234650729839
121004,26342,0.250111717571
121005,33283,0.486703742119
121005,33290,0.486703742119
121006,31282,0.019385064884
121007,14487,1.21253481694
121008,31307,2.34869239417
121009,31202,2.7257635953
121010,33298,2.67596163369
121011,33298,0.135026407664
121012,31252,5.46530493792
121013,25348,0.0134665187518
121014,31221,0.259043893777
121015,33283,0.248286801109
121015,33290,0.248286801109
121016,31228,0.198751598623
121017,31252,1.92973755803
121018,26282,0.212327063856
121019,33283,0.337587385528
121019,33290,0.337587385528
121020,31307,3.18863177651
121021,31251,2.11920786284
121022,25661,0.392435612138
121023,31256,0.0162264565846
121024,33104,0.142894302506
121025,31220,0.0636874124852
121026,25879,0.0574009320949
121027,25575,0.0110182646282
121028,33298,2.22352814082
121029,30556,3.23414860446
121030,31307,3.4473388928
121031,25908,0.0336882134948
121032,31252,2.20994987075
121033,14761,1.38629912961
121034,31241,0.299549227995
121035,26088,0.0595752317241
121036,31280,0.0848847776608
121037,31278,2.67481276847
121038,31278,0.509658156279
121039,31252,2.63237049177
121040,31289,3.2477337273
121041,33298,0.1754277444
121042,31253,0.112282983123
121043,31224,0.132595039431
121044,25907,0.013622269444
121045,31307,3.68259931719
121046,31220,0.164507017157
121047,31289,2.54643609656
121048,31307,4.39281263839
121049,31280,0.0196322051056
121050,25505,0.141411959031
121051,31307,2.61165182966
121052,33328,0.151586911505
121052,33324,0.151586911505
121053,14613,0.0554356331713
121054,26262,0.283357452024
121055,26308,0.0331869255979
121056,31241,0.0573434805651
121057,26337,0.176292652015
121058,25574,0.120939352923
121059,31228,1.82744565232
121060,33283,0.309810656885
121060,33290,0.309810656885
121061,31252,0.447681547735
121062,25353,0.0890251875559
121063,33091,0.291627209783
121063,33095,0.291627209783
121064,31289,2.93505274948
121065,26333,0.0349886785193
121066,33298,0.138321124649
121067,33288,0.0759504397501
121068,31282,0.739363849655
121069,31307,2.02612303023
121070,31275,0.782645153143
121071,33283,0.31333236932
121071,33290,0.31333236932
121072,31251,1.48951445469
121073,31241,0.354929827838
121074,31252,1.88546771071
121075,31241,0.0794283628951
121076,31307,1.78007613491
121077,25879,0.314014592384
121078,26088,0.0335558834198
121079,26088,0.0462018787742
121080,25838,0.114369860908
121080,25834,0.114369860908
121081,33283,0.239520829712
121081,33290,0.239520829712
121082,31252,0.829010165597
121083,33283,0.389183254537
121083,33290,0.389183254537
121084,33298,1.3604129085
121085,31224,0.12769685759
121086,31278,0.479863655131
121087,25304,0.0369133478733
121087,25300,0.0369133478733
121088,33298,0.365151006856
121089,31280,0.165811449573
121090,31220,0.165923049222
121091,33283,0.525619925637
121091,33290,0.525619925637
121092,31280,0.0722951566742
121093,14811,0.0475257530522
121094,14796,0.0422002959944
121095,31241,0.323148692063
121096,31252,2.97499970234
121097,31252,0.236763433399
121098,25752,0.0407728305411
121099,25879,0.238919882627
121100,31252,1.27986353525
121101,25988,0.0116237656489
121102,31229,0.0490632393032
121103,33099,0.101705640401
121104,33103,0.117770850474
121105,31228,0.25132817072
121106,33109,0.0792543350443
121107,25908,0.0406783724156
121108,31289,2.76836216633
121109,31222,1.90141048196
121110,25908,0.189567486862
121111,25835,0.0174650793601
121112,33091,0.178535879211
121112,33095,0.178535879211
121113,31252,3.39926040129
121114,31289,2.81652834826
121115,31289,2.36616188209
121116,25908,0.0806379409047
121117,7776,0.00933159870943
121118,33298,0.138992312676
121119,25878,0.13222486256
121120,26018,0.441075136713
121121,30571,5.53901358228
121122,31278,0.297822656451
121123,31252,2.56409755297
121124,33094,0.282162385354
121125,33091,0.0873752998609
121125,33095,0.0873752998609
121126,25879,0.554718152681
121127,31283,3.43406522777
121128,31307,3.56453447404
121129,31278,0.306391374929
121130,31278,0.309369552004
122001,7767,1.35937756643
122002,31252,0.386225969728
122003,31283,3.54519773428
122004,31283,3.25590948714
122005,26228,2.24286371166
122006,31222,3.4362923462
122007,31224,2.05302413799
122008,31241,0.0801293956072
122009,31278,0.350191972501
122010,31289,3.86435224081
122011,31283,3.19506225677
122012,31307,3.76749312181
122013,14487,0.429049074322
122014,31278,0.474670221636
122015,31307,3.7703035629
122016,31283,1.8523756834
122017,31251,2.54250186004
122018,26308,0.155660008365
122019,25879,0.958613106038
122020,26262,0.1700014563
122021,25752,0.0795850475857
122022,25752,0.0528872285611
122023,31225,0.0980044649263
122024,31283,1.65496051863
122025,25878,0.199972273416
122026,31241,0.550155246937
122027,26019,0.166180216172
122028,31222,1.98291876162
122029,31278,0.306210116549
122030,14761,0.267280434556
122031,25879,0.362682514179
122032,31283,0.73601934629
122033,31278,1.8946610159
122034,31252,2.2586411174
122035,26018,0.336998047285
122036,7767,0.177849800905
122037,33298,4.5194071953
122038,25575,0.0764416028131
122039,31224,0.131053893237
122040,25908,0.256664185517
122041,26087,0.138483123989
122042,31278,0.373428734923
122043,31252,2.33495133443
122044,31252,2.37726535907
122045,31279,0.0597133828926
122046,25390,0.00211209556074
122046,25386,0.00211209556074
122047,26018,1.4903698103
122048,31288,0.908949492558
122049,31222,2.3589199651
122050,26358,0.303158930123
122051,31225,0.12458245749
122052,26228,1.73078334863
122053,30555,3.52673260777
122054,31221,0.074976787795
122055,25879,0.57419407509
122056,31280,0.096870154522
122057,25575,0.0802673988105
122058,25504,0.23497058631
122059,31252,2.47910595544
122060,31222,2.01369768396
122061,26228,0.223380073419
122062,33298,5.6274796887
122063,31307,3.93999816719
122064,33298,0.419747964504
122065,31252,3.3532115568
122066,31283,1.13467762502
122067,31283,1.29400460446
122068,25938,0.0410062392087
122069,33119,0.0120433865889
122070,33298,0.108806937427
122071,33098,0.0404632481388
122072,31307,4.98086168447
122073,31280,0.325577223179
122074,31289,1.77202022048
122075,25620,0.0131428855561
122076,31241,0.25577161783
122077,31278,2.30243191531
122078,31252,0.387585497301
122079,25575,0.0286172814286
122080,14761,1.37048740138
122081,25908,0.288678373745
122082,26281,0.0728627790758
122082,26285,0.0728627790758
122083,33283,0.201089698168
122083,33290,0.201089698168
122084,31275,0.566947532301
122085,33298,0.262290944097
122086,6044,0.0237952381602
122087,33283,0.34098384098
122087,33290,0.34098384098
122088,31278,1.9586991034
122089,26257,0.0341358601868
122090,31252,2.38839887293
122091,25908,0.204686463758
122092,31252,0.955541741584
122093,33283,0.297959591628
122093,33290,0.297959591628
122094,31252,2.54098093692
122095,30571,4.41143620158
122096,25835,0.0819111667357
122097,31224,1.81235965162
122098,25379,0.0139012814002
122099,31307,2.88696598981
122100,31241,0.14162833682
122101,31202,4.13967797873
122102,31222,0.0374808710894
122103,26087,0.17264270421
122104,31241,0.243934189504
122105,31283,0.0640776765814
122106,31228,1.81795470056
122107,26358,0.406741710166
122108,14487,0.736989685163
122109,26133,0.02195260932
122110,26342,0.0257466966222
122111,31228,1.45795610952
122112,31307,2.59360773511
122113,31275,0.309568954918
122114,33284,0.189219554704
122115,31222,3.07019133088
122116,33298,0.232326169971
122117,31243,0.0234078303814
122118,14761,1.60670588777
122119,31252,1.51771721459
122120,31278,0.417161719616
122121,25631,0.042632662065
122122,31252,1.71681511333
122123,25908,0.0980282843605
122124,25908,0.0183984247253
122125,25760,0.0346651805889
122126,26342,0.0512532752132
122127,31289,2.8741157785
122128,33298,0.165623498101
122129,31241,0.0856080503107
122130,25596,0.0234734307266
122131,14810,0.0983386798127
122131,14814,0.0983386798127
122132,31252,1.9166551425
122133,33284,0.205935634764
122134,31283,2.59255567548
122135,31283,1.06655433355
122136,31283,1.87967325223
122137,31280,0.231960997312
122138,31278,0.996430466137
122139,31283,2.4715334399
122140,14636,0.145927879585
122141,26342,0.166587318217
122142,31289,1.54143186475
122143,25879,0.0953797110401
122144,33301,0.0432539587887
122145,31280,0.0981665902041
122146,31202,2.64305546807
122147,31252,3.90890108426
122148,31252,3.40584894114
122149,26018,0.219711011801
122150,31252,3.59605820714
122151,31220,0.132006829147
122152,31220,0.397730504567
122153,31220,0.319206907276
122154,26018,0.305399487035
122155,31283,3.80742936255
122156,31307,2.84953598748
122157,31203,0.93846808226
122158,33298,1.55235328451
122159,33284,0.114818403993
122160,31307,3.55438199452
122161,31280,0.616083856174
122162,14761,0.134485016263
122163,31203,0.838649400893
122164,31278,2.10758109056
122165,25662,0.0597255818195
122166,31280,0.0285294983696
122167,33080,0.120251957217
122167,33076,0.120251957217
122168,31275,0.432858888701
122169,31252,2.52295099946
201001,31307,0.168479198166
203001,31308,0.0355535161885
211001,31289,2.0445724476
211002,31308,0.738495316075
211003,31307,1.26482857239
212001,31307,0.403395042274
212002,30556,3.28668793166
212003,31300,0.161513564458
212004,31307,1.52303746309
212005,31307,0.337208957905
212006,14336,0.479068212692
212007,31315,0.10610512921
213001,31308,0.442432611277
213002,31289,0.213494904471
213003,31312,0.466651775495
213004,31310,0.102466379031
213005,31307,1.71276206389
213006,31316,1.58451950022
213007,31308,0.0917790774211
213008,31291,0.516060146019
213009,14481,0.482010640054
213010,31310,0.107030042152
213011,31763,0.534494985027
213012,31308,0.227030698394
213013,31307,2.02626387647
213014,31299,0.438531874552
214001,31315,1.20625067537
214002,31307,1.67030116522
214003,31308,1.04639987966
214004,31307,2.05445746282
214005,31307,2.34697467211
214006,31300,0.373334213497
214007,31307,0.490898203641
214008,31316,0.593872427909
214009,31300,0.572709099434
214010,31307,0.548028031071
214011,31307,1.52875489272
214012,31289,0.220374966503
214013,31308,0.132563083094
214014,31308,1.22873554021
214015,31317,0.0492247097349
214016,31307,0.845421150113
214017,31315,1.35710331973
214018,31307,2.85573950685
214019,31307,0.443478144119
214020,31297,0.187857257149
214021,31307,2.11497977419
215001,31312,0.0572989351281
215002,31307,1.01483651126
215003,31312,0.159764678392
215004,31313,0.153079207817
215005,31308,0.524313030546
215006,31752,0.105891602164
215007,31308,0.192426961531
215008,31289,1.95567760284
215009,31307,2.34416050845
215010,31300,0.246818084659
215011,31289,1.93352390904
215012,14074,0.0790472972734
215013,31289,1.48138945693
215014,31307,0.638331225825
215015,31300,0.272234238539
215016,33168,0.412434295733
215017,14175,0.0209655161041
215018,30549,0.639756342308
215018,31319,0.639756342308
215019,14105,0.403731361617
215020,33168,0.309441462876
215021,31307,2.15133868313
215022,31289,1.76194433971
215023,14082,0.0385828252201
215024,31308,0.832226275425
215025,31308,0.788357398523
215026,31307,0.300365095607
215027,31316,1.82193814634
215028,31315,2.07369406508
215029,31307,1.26433872939
215030,31291,0.0398458735848
215031,31300,0.237402217579
215032,31307,0.93915272652
215033,31746,0.636952117574
215034,31316,0.160666574381
215035,31297,0.0539995991189
215036,31307,2.3263508069
215037,31300,0.035585446643
215038,31315,0.0544624587217
215039,31297,0.238415639582
215040,31307,0.755982241136
215041,31307,0.595857449521
215042,31300,0.0860778289374
215043,31297,0.26591857074
215044,31300,0.305851476003
215045,31312,0.0867386441801
215046,31307,0.545367907411
215047,31764,0.657835964083
215048,31308,1.1510045412
215049,31300,1.32168871404
215050,30556,3.22080695122
215051,31300,0.508084574801
215052,31291,0.298812988616
215053,31315,0.519508102642
215054,31289,1.37320312807
215055,31289,1.74681359587
215056,31307,1.07591290625
215057,31307,1.80463480462
215058,30555,1.84313203182
215059,31307,1.82521364831
215060,31289,0.720593018834
215061,30555,2.90072023513
215062,31289,0.0835533145341
215063,33152,0.00452166080907
215064,31315,0.141978776197
215065,31309,0.0377169166754
215066,30556,3.26708263281
215067,31307,0.460418081826
215068,30555,3.54620681392
215069,31307,1.49827855091
215070,31307,0.522170773716
215071,31746,0.462645394796
215072,31289,2.31725018531
215073,31298,0.0120485394032
215074,31300,0.459374309398
215075,31308,1.85225705158
215076,27955,0.0577750549458
215077,31763,0.677369326231
215078,31307,1.43034875043
215079,33168,0.401081622895
215080,31307,1.58949822847
215081,31291,0.486568766067
215082,31307,0.490164178139
215083,31300,0.523475988359
215084,31315,2.09888426801
215085,31307,0.378084465657
215086,31312,0.239073630589
215087,31307,0.362005012173
215088,31307,0.625969759744
215089,31300,0.460186163951
215090,31291,0.55555614056
215091,31307,0.484495421786
215092,31300,0.472864929098
215093,31291,0.507645059921
215094,14337,0.0964211019756
215095,31307,0.796502015951
221001,31315,0.230454683823
221002,31307,0.986477416138
221003,31308,1.35133510146
221004,31289,2.15978897601
221005,31308,0.0844463588817
221006,31308,1.18926534911
221007,31315,2.43041924345
221008,31291,0.314601352049
221009,31308,2.0893160858
221010,31289,0.722621322604
221011,31289,0.25782621969
221012,31315,0.133362658117
221013,30556,3.21965038377
221014,31301,0.0576746890065
221015,31297,0.151823431473
221016,31308,0.877707519756
221017,31308,1.19709975018
221018,31308,2.09871134636
221019,31289,2.16099498377
221020,31308,1.0087121206
221021,31316,0.654386907298
221022,14076,0.0487773769557
221023,14076,0.0719377627686
221024,31308,1.3969074669
221025,31289,0.118842797876
221026,31300,0.549478013503
221027,30549,1.07111150984
221027,31319,1.07111150984
221028,31300,1.08656249577
221029,31307,1.38421685878
221030,31303,0.0842386321841
221031,31300,0.287729438616
221032,14336,0.535817574914
221033,31299,0.0345095380025
221034,31308,0.545033320305
221035,31316,2.60076735466
221036,31308,0.433352087331
221037,31309,0.0201115504785
221038,31308,1.6075095126
221039,31308,0.306077621274
221040,30555,1.42757378299
221041,31307,0.523022194652
221042,31307,0.49827602205
221043,31307,2.71207153497
221044,31289,0.308482158056
221045,31308,0.266530823077
221046,31289,0.228653284834
221047,31287,0.0319788344392
221048,31307,0.852202438891
221049,31300,0.230111199686
221050,31289,0.098480642703
221051,31308,0.235318881476
221052,31307,1.26110036186
221053,31315,1.73056465896
221054,31300,0.513575737374
221055,31289,0.095024159891
221056,31308,1.03721095208
221057,31299,0.129672093092
221058,31300,0.185913191064
221059,31289,1.53153663167
221060,30555,2.26713689595
221061,31289,0.0590493288803
221062,14088,0.0115025128944
221063,31307,0.290069167468
221064,31307,1.25981973983
221065,31315,2.88365780692
221066,31300,0.457282513312
221067,14079,0.0404556796768
221067,14085,0.0404556796768
221068,31289,1.84356075577
221069,31308,0.323595918885
221070,33168,0.150802733913
221071,14074,0.109241312224
221072,31308,0.718880177053
221073,14082,0.0232173662027
221074,31297,0.0265206459492
221075,31307,1.43849477491
221076,31308,1.8436565351
221077,31309,0.148423312746
221078,31763,0.522890039109
221079,31308,2.32566770469
221080,31289,1.89285982221
221081,31291,0.386405534706
222001,31307,1.46347541834
222002,31305,0.0391468410006
222003,31307,1.13313630199
222004,31291,0.852631930754
222005,31312,0.484912039978
222006,31289,1.99278068095
222007,31289,1.96214183645
222008,31315,2.41134159123
222009,31312,0.286466858
222010,31308,0.63527582741
222011,31308,1.55917609722
222012,31307,0.237929385628
222013,31300,0.472379656529
222014,31307,2.1942742961
222015,31300,0.840098927028
222016,14702,0.0268487554282
222017,31301,0.128616914115
222018,31308,0.58622203057
222019,31298,0.174849132435
222020,31299,0.4912436639
222021,30549,0.339614896369
222021,31319,0.339614896369
222022,33168,0.713009956457
222023,31289,1.0804108686
222024,31300,0.483996899427
222025,31307,1.68980066063
222026,31315,0.702069105762
222027,31289,2.07668719687
222028,31308,0.672269755516
222029,31289,1.2040301833
222030,31307,1.89336552322
222031,31307,1.92442253263
222032,31289,0.463349071221
222033,31307,1.29225472592
222034,31308,0.582128631624
222035,30549,1.4289549463
222035,31319,1.4289549463
222036,31308,0.975802423632
222037,31307,1.96730612222
222038,31315,1.21943908027
222039,31307,1.07186947342
222040,31289,1.28361158836
222041,31307,0.58239494536
222042,31316,2.122981559
222043,31307,1.9178180062
222044,31307,1.73384580108
222045,31307,1.44940510639
222046,31289,1.87668980572
222047,31298,0.0985826890542
222048,31308,0.929989529254
222049,31307,2.03102188959
222050,31289,0.372453075984
222051,31308,0.899037687766
222052,33148,0.750512023804
222053,31308,0.198424765051
222054,31307,1.61844879303
222055,31316,0.337010767432
222056,31315,3.34139016273
222057,31313,0.127692251561
222058,31289,0.77232868812
222059,31307,1.3594185987
222060,31300,0.766277961956
222061,31291,0.226356412764
222062,31308,0.383019940012
222063,31307,1.48132385088
222064,31300,2.02262888769
222065,31315,1.90123338936
222066,31300,1.45218127728
222067,31308,0.54254609961
222068,31289,1.1622497091
222069,30555,1.88241217041
222070,31308,0.485147821901
222071,31300,0.168917359514
222072,31316,1.52492379386
222073,14175,0.0114981752503
222074,30556,3.32039351334
222075,31299,0.465873364998
222076,31307,3.08528805807
222077,31307,3.08928511867
222078,31289,0.878072103557
222079,31300,1.99794708605
222080,31307,0.371687452184
222081,31315,0.483828206188
222082,31299,0.00902009233389
222083,31299,0.215886459328
222084,14395,0.00957651505501
222085,33169,0.0249959056838
222086,31307,0.716581822109
222087,31307,1.96122486781
222088,31308,2.40657058399
222089,14336,0.749073258466
222090,31305,0.109764294512
222091,31315,1.73792866253
222092,31295,0.0133506817269
222093,31300,1.41361332899
222094,31307,1.54340743924
222095,14419,0.110344367626
222096,33168,1.00676475282
222097,14079,0.00868845962291
222097,14085,0.00868845962291
222098,31308,0.820304686045
222099,31308,0.919409078072
222100,31307,0.423978667955
222101,31307,1.39361040808
222102,31307,1.99283252133
222103,14079,0.019723520866
222103,14085,0.019723520866
222104,31308,1.14896681529
222105,31307,0.766719528248
222106,31307,1.67964138428
222107,31289,1.86695304943
222108,31289,1.41162202564
222109,31307,1.41255717219
222110,31748,0.589643542672
222111,14375,0.117527665511
222112,14336,0.363922417454
222113,31307,1.9272974295
222114,14336,0.536336449164
222115,31307,0.732393384758
222116,31300,0.204191819457
222117,30555,2.42438320447
222118,31289,1.42964640185
222119,31301,0.0569742958641
222120,31307,0.557643114512
222121,31315,0.879506735862
222122,31291,0.622624309469
222123,14079,0.0279733760848
222123,14085,0.0279733760848
222124,31307,0.353837413402
222125,31315,0.174501430081
222126,31307,2.94503994858
222127,31307,1.76024444605
301001,31177,0.0109489245193
302001,31219,0.0615183180497
303001,31090,0.0721650515809
303002,33063,0.0361391311755
303003,11277,0.128619237024
303003,11281,0.128619237024
311001,31118,0.0653000185188
311002,24917,0.298536005219
311003,31202,0.956633641409
312001,31150,0.162434886699
312002,24773,0.051320288727
312002,24769,0.051320288727
312003,31152,0.101571141636
312004,31153,0.12464760047
312005,31053,3.05066256505
313001,31150,0.0362930454548
313002,25999,0.0243211191654
313003,31197,1.67607096834
313004,31124,1.89725578916
313005,31159,0.398411673143
313006,33063,0.15692767051
313007,31203,1.06034530196
313008,33030,0.0880784334019
314001,31730,0.0249449182356
314002,31090,0.440610876356
314003,31102,0.156843805185
314004,31219,0.349672549724
314005,31141,0.878792056735
314006,11387,0.048103545576
314006,11383,0.048103545576
314007,31099,0.980992255162
314008,31202,0.612106664114
314009,31202,2.75999775917
314010,31093,0.12422431041
314011,31137,0.348859434104
314012,31202,0.957217396993
314013,31678,0.0180745146374
314014,31165,1.24542134429
314015,31090,0.360768827542
314016,31119,1.34511538817
314017,31143,3.62359407708
314018,31171,0.0213259167975
314019,31219,0.152794400969
314020,25153,0.0794980749937
314020,25149,0.0794980749937
315001,11278,0.272045959356
315002,31097,0.173476707967
315003,31059,0.0819425923981
315004,5441,0.200194654565
315005,33304,0.0571867369749
315006,31104,4.42077356049
315007,31173,0.0499776542618
315008,31169,0.122068599552
315009,7404,1.45620601404
315009,7400,1.45620601404
315010,31203,0.45706947006
315011,31150,0.0725478841072
315012,24062,0.0232810947273
315013,24773,0.183226099108
315013,24769,0.183226099108
315014,31095,0.0208293044394
315015,31204,0.272354777152
315016,31204,0.295114172995
315017,31124,5.31480168645
315018,31158,1.11019840829
315019,31151,0.271919111041
315020,31197,2.40486651419
315021,31124,2.03262019871
315022,31202,1.03803503376
315023,31053,3.01933221577
315024,31106,0.638742240494
315025,31087,0.0239643749877
315026,31158,0.0150617903972
315027,31165,0.183525715704
315028,31197,0.890434726693
315029,31137,6.84712071899
315030,31173,0.211578161061
315031,31052,0.749121241856
315032,31165,0.139567178676
315033,31124,1.29142053736
315034,25005,0.0325296594875
315035,31194,0.574945007288
315036,31197,0.260258830921
315037,31151,1.02475126367
315038,25402,0.0968993248571
315039,28526,0.0161757540584
315039,28522,0.0161757540584
315040,9249,0.0138958338469
315040,9253,0.0138958338469
315041,9750,0.0293763343714
315042,31102,0.241339873892
315043,31151,0.113156980872
315044,31096,0.187741406744
315045,25366,0.0116672757765
315046,31204,0.273811480276
315047,31204,0.2163548578
315048,31202,0.431668396272
315049,31170,0.481487908596
315050,31202,1.07219811256
315051,31057,0.478056719933
315052,5549,0.109646705679
315052,5545,0.109646705679
315053,31202,0.49294875441
315054,31169,0.121253126939
315055,31099,4.88931017454
315056,31197,0.343085322954
315057,25202,0.00387586495705
315058,31093,0.410471903161
315059,31169,0.248140520729
315060,9606,0.247006375712
315061,31202,1.01951621471
315062,31124,1.04275125882
315063,31151,2.76907250222
315064,31202,1.64965141893
315065,31117,0.285483394622
315066,31143,0.851423266057
315067,31169,0.161406058574
315068,31150,0.232819636446
315069,31089,0.0361733391336
315070,25217,0.0753157438093
315071,31137,0.417856603519
315072,31137,1.33976459177
315073,31149,1.29458067694
315074,31158,1.09150282518
315075,31170,1.10087303679
315076,11280,0.0249845221838
315077,31202,1.15042413656
315078,11267,0.0470401897001
315078,11271,0.0470401897001
315079,33063,0.174022312201
315080,31202,1.26296010139
315081,31165,0.211655083491
315082,31089,0.0759771512116
315083,31115,0.177078817907
315084,32908,0.011943752161
315085,11278,0.23557871107
315086,24133,0.0191841834924
315087,31202,0.300751792666
315088,25309,0.0168867530263
315088,25305,0.0168867530263
315089,31189,0.185170349257
315090,31121,0.120760353976
315091,31202,4.32145667871
315092,31203,1.42231024116
315093,5284,0.00858198022826
315093,5288,0.00858198022826
315094,31124,1.45844337884
315095,31161,0.0285336216118
315096,24062,0.129157856809
315097,5417,0.207463302087
315098,31119,0.171747269026
315099,31202,0.216382733911
315100,31061,0.0517885916722
315101,31202,1.01528292303
315102,31158,1.18423687069
315103,5827,0.0492905466273
315104,31170,0.268099975148
315105,31202,1.03009698632
315106,33063,0.170828580241
315107,31696,0.00362759592427
321001,24058,0.0479354363244
321002,31153,0.163354428004
321003,31202,1.0095495046
321004,31151,0.314255005901
321005,31203,0.523423781881
321006,31121,0.0613394400468
321007,5289,0.0418052342899
321007,5293,0.0418052342899
321008,31219,0.234673624512
321009,31678,0.0546488567979
321010,24625,0.10757866428
321011,31151,0.584099130104
321012,31165,0.202786811803
321013,11278,0.195756237222
321014,31124,4.65868189251
321015,31170,0.942428911557
321016,31202,0.935870594025
321017,11368,0.135518323105
321017,11372,0.135518323105
321018,11368,0.18973016823
321018,11372,0.18973016823
321019,24122,0.0388607561304
321020,31137,0.327436658762
321021,31219,0.181641871987
321022,31102,0.158759408204
321023,31202,1.03172197346
321024,9704,0.054932782059
321024,9708,0.054932782059
321025,31219,0.211486158355
321026,31124,1.76706238415
321027,25234,0.00759336519685
321027,25238,0.00759336519685
321028,31197,0.425888444313
321029,31165,0.245898945498
321030,31165,0.0786679909514
321031,31089,0.0109524962189
321032,31158,0.43983708254
321033,31170,0.241406967363
321034,31203,0.170080727799
321035,31170,0.249840521004
321036,25155,0.0101928503539
321037,24068,0.0157351795477
321038,31165,0.204319631635
321039,33063,0.252704948389
321040,31165,0.133016978965
321041,31149,0.474734305087
321042,33030,0.337558840316
321043,31117,0.868240119345
321044,31204,0.350881352257
321045,31202,0.477692456633
321046,31167,0.109694112351
321047,31158,0.364627847933
321048,31093,0.163102201541
321049,31150,0.12256521848
321050,31197,1.07352695947
321051,31202,0.999853111594
321052,31202,0.763192812465
321053,31090,0.591009491824
321054,31087,0.203248856653
321055,5277,0.0384321849564
321056,11279,0.0253156566614
321057,31098,2.84302641218
321058,31202,1.98417234905
321059,31170,1.94197986224
321060,31203,0.431494646551
321061,31055,0.0977639541054
321062,33063,0.113593870617
321063,31203,0.95172077956
321064,33027,0.0556323264777
321064,33031,0.0556323264777
321065,31203,0.483769189392
321066,33063,0.222278749634
321067,5714,0.050247935916
321067,5710,0.050247935916
321068,31202,0.519749571062
321069,31216,0.193233079607
321070,31219,0.158210019309
321071,33063,0.24990888794
321072,31202,0.291776540701
321073,31090,0.373702004818
321074,31219,0.0700440671239
321075,31202,0.330757992943
321076,5827,0.0713742401846
321077,31137,4.10310826807
321078,31219,0.0991766954387
321079,33030,0.0246462052865
321080,31219,0.271196036332
321081,31061,0.080063917809
321082,31099,0.0754249430978
321083,31055,0.358986228911
321084,31153,0.199976548114
321085,31151,0.0610393021376
321086,31165,0.442773838882
321087,31202,0.468072531294
321088,25157,0.0185329679877
321089,31057,0.127233680388
321090,31202,0.898307502965
321091,31124,6.87331586239
321092,31678,0.5620575497
321093,31098,3.6512033945
321094,31202,0.127143223073
321095,31124,2.21789857243
321096,31177,0.156500902043
321097,31124,2.22881052334
321098,9629,0.023463757715
321098,9633,0.023463757715
321099,31150,0.216217462708
321100,31150,0.0509066993443
321101,5417,0.0434724829648
321102,31124,2.38069186123
321103,24166,0.121115392268
321103,24170,0.121115392268
321104,31202,2.45080187788
321105,31143,2.26559081808
321106,31203,2.12600836721
321107,31202,0.263133683083
321108,31158,0.466301686016
321109,31090,0.408982015704
321110,31090,0.420776091918
321111,31173,0.662942223854
321112,25533,0.00840805667997
321112,25537,0.00840805667997
321113,33094,1.51487318933
321114,31678,0.0582118403932
321115,31098,4.76914948579
321116,31202,0.869528327878
321117,31169,0.306331855181
321118,5446,0.0982300864873
321119,24061,0.0651865394435
321120,31137,1.4848312209
321121,11368,0.164090215133
321121,11372,0.164090215133
321122,31170,1.06546413898
321123,31093,0.367136525319
322001,31099,0.132278435396
322002,31124,3.25755413833
322003,31102,0.0519567079185
322004,25156,0.0143571015023
322005,31104,3.97192847112
322006,11280,0.00713317234373
322007,31124,4.63160201805
322008,31119,0.0834852610723
322009,31098,0.176262666666
322010,31137,1.18649407845
322011,24591,0.318797691664
322011,24595,0.318797691664
322012,31170,0.0878353061237
322013,31170,0.0925411712371
322014,31197,1.57623957625
322015,5714,0.0784330501993
322015,5710,0.0784330501993
322016,7149,1.33993154479
322016,7145,1.33993154479
322017,5335,0.0366527007345
322018,24341,0.0695090459806
322019,31165,0.0738918298691
322020,31053,5.19479029102
322021,31202,0.403116393793
322022,31052,0.448648264916
322023,24062,0.0545187124106
322024,24063,0.0549658578846
322025,25221,0.0445851040264
322026,5417,0.089197539052
322027,31202,1.69630587703
322028,31677,0.0192456682594
322029,31080,0.383651956975
322030,31151,0.338395675381
322031,31101,0.0327240481598
322032,31090,0.702906891333
322033,31202,4.77024127032
322034,25735,0.00640073777417
322035,31125,1.12291185111
322036,31149,1.25176187775
322037,5714,0.150248240355
322037,5710,0.150248240355
322038,31118,0.134491244977
322039,5084,0.0124767081079
322040,31119,0.205364932945
322041,31118,0.130911972406
322042,31117,0.33775078638
322043,31677,0.0423032446112
322044,31202,0.533345261992
322045,31095,2.47081156228
322046,31101,0.096523318335
322047,31158,0.953772534137
322048,31202,1.0694528399
322049,9704,0.0436453529683
322049,9708,0.0436453529683
322050,31202,1.0023396886
322051,9632,0.0414129316168
322052,31097,0.0746880441916
322053,5282,0.0188585194101
322054,31203,0.308337836031
322055,11283,0.0440745248697
322056,4867,0.00699757454143
322056,4871,0.00699757454143
322057,31165,0.413050673079
322058,33307,0.059184027937
322058,33303,0.059184027937
322059,31137,3.23163712325
322060,31054,3.26505134928
322061,31102,0.112362889708
322062,33063,0.39046078625
322063,24914,0.0343408342369
322063,24918,0.0343408342369
322064,31158,0.765386265219
322065,25252,0.00680804224863
322066,28637,0.0597117648731
322067,31202,0.440629972479
322068,31097,0.00821850413355
322069,24506,0.0191173607573
322069,24510,0.0191173607573
322070,5253,0.0113153213366
322070,5257,0.0113153213366
322071,28979,0.00942219696719
322071,28983,0.00942219696719
322072,4864,0.00658571050794
322073,11387,0.114637664448
322073,11383,0.114637664448
322074,31202,0.987571306018
322075,9736,0.0466307237836
322076,31678,0.432715805974
322077,31145,0.21410963539
322078,31678,0.185278900543
322079,31678,0.937301148248
322080,31733,0.137549440709
322080,31729,0.137549440709
322081,31141,0.194989491975
322082,31193,0.195134453143
322083,31149,0.768558530711
322084,31675,0.0539990760923
322084,31679,0.0539990760923
322085,31202,0.849880224583
322086,31158,0.452105492456
322087,31121,0.631913437542
322088,33304,0.0316133207269
322089,31089,0.0351416439882
322090,31089,0.169694164224
322091,31150,0.175735211015
322092,31169,0.181562845506
322093,31203,0.249835560383
322094,11277,0.00704722471616
322094,11281,0.00704722471616
322095,31202,0.63867178072
322096,24592,0.0388143421963
322097,31151,1.34849929381
322098,5258,0.0195963007031
322098,5263,0.0195963007031
322099,9704,0.0624395985329
322099,9708,0.0624395985329
322100,11368,0.120617412394
322100,11372,0.120617412394
322101,31106,0.670517763466
322102,33304,0.00910868156265
322103,24068,0.27430081816
322104,31678,0.0907855048929
322105,31202,1.1771374371
322106,31219,0.289041218414
322107,5400,0.0344238422154
322107,5404,0.0344238422154
322108,31202,3.84969894204
322109,31124,4.23799310161
322110,31219,0.230723174019
322111,31678,0.448377763897
322112,31097,0.099439180493
322113,31141,0.90138804932
322114,30580,7.51023300693
322115,33030,0.339117817106
322116,31141,1.57328983551
322117,24506,0.323678637843
322117,24510,0.323678637843
322118,31090,0.336784324411
322119,11368,0.111295327897
322119,11372,0.111295327897
322120,31151,0.150490703698
322121,31096,0.188723401728
322122,5566,0.0799484437066
322123,33307,0.0421311113765
322123,33303,0.0421311113765
322124,31090,0.397817161375
322125,24166,0.139091364752
322125,24170,0.139091364752
322126,31143,3.37302117811
322127,31143,2.51894498081
322128,5019,0.00259772560194
322129,31165,0.137089589341
322130,31088,0.204251533092
322131,31142,0.130497588599
322132,31203,0.903751737401
322133,31202,2.35082060618
322134,4933,0.00229930737041
322135,31143,3.26382581124
322136,31052,2.81583500987
322137,31089,1.12633757534
322138,31692,0.146244130595
322139,31202,0.69056901877
322140,24058,0.015291904012
322141,31124,2.52169930298
401001,30560,0.0910851268984
412001,26949,0.268702265097
412002,28005,0.23301526765
412003,26955,0.034158922649
412004,30590,0.182650135083
413001,30560,0.244804371697
413002,30560,0.395355968251
413003,30557,0.674896189113
413004,30583,0.0116206239506
413005,882,0.0473760452463
413006,30571,0.100405744775
414001,30560,0.557186672641
414002,30557,0.316537092138
415001,30560,0.577274246836
415002,26949,0.171610185494
415003,30561,0.31566285025
415004,30560,0.315307915446
415005,30556,1.96234110785
415006,30556,2.02599450123
415007,30555,0.978106190957
415008,30624,0.0850334965245
415009,30561,0.592568020623
415010,30624,3.28656087271
415011,30571,0.282638873867
415012,26949,0.422762614337
415013,30560,0.314594917498
415014,30571,0.560545380933
415015,6206,0.15986130478
415016,26949,0.579007464186
415017,6264,0.0412762816078
415018,30554,0.0107417516603
415019,26949,0.180494420376
415020,30560,0.322522909163
415021,30556,1.87601827839
415022,30560,0.386444229089
415023,6212,0.266721458748
415023,6208,0.266721458748
415024,30560,0.74287865968
415025,30559,0.20513983677
415026,30559,0.167045438399
415027,33133,0.170722467737
415028,6195,0.0665759174582
415029,30559,0.16902267108
415030,30560,0.401974447741
415031,30551,0.845974563435
415032,30559,0.160760316311
415033,33133,0.662289185025
415034,30571,0.797141063192
415035,30579,0.295731056377
415036,30556,2.19400508383
415037,27357,0.0311348371566
415038,30580,2.07442105951
415039,1076,0.122188876587
415039,1072,0.122188876587
415040,30556,0.590463089728
415041,30560,0.490121490559
415042,30593,0.162212581555
415043,26949,0.1394846276
415044,30560,1.55706405347
415045,6206,0.0826023301375
415046,30560,0.353234196815
415047,30559,0.137777819009
415048,30560,0.33739340846
421001,30580,2.07113253405
421002,30561,0.353493627778
421003,30560,0.392460777488
421004,30561,0.949852442955
421005,30592,0.220265331706
421006,30560,0.341692264191
421007,1162,0.0324305176109
421007,1166,0.0324305176109
421008,30591,0.29247082743
421009,30594,0.331437964211
421010,30560,0.353742530579
421011,26949,0.816142169821
421012,30571,0.337066443845
421013,26949,0.508373335793
421014,30560,0.321465230778
421015,26949,0.432428853448
421016,30560,0.191747186364
421017,30560,0.510012767224
421018,30555,0.705062487114
421019,30592,0.78492800809
421020,30556,1.31315322488
421021,30580,1.95185210007
421022,30557,0.35573731398
421023,26948,0.318784988033
421024,30557,0.335366936831
421025,30556,0.13900543296
421026,30557,0.255818158499
421027,30567,0.204201632797
421028,30560,0.48310866894
421029,28005,0.516497118157
421030,30560,0.228063273337
421031,30571,0.680238974888
421032,30556,2.21892967199
421033,30555,1.69410519512
421034,30569,0.0618083804391
421035,27978,0.0275418859684
421036,30561,0.0692064597469
421037,30628,5.27425024722
421038,26949,0.640097113101
421039,26949,0.314105813355
421040,30562,0.207193747024
421041,30560,0.222964858174
421042,26949,0.093494656799
421043,30612,0.765259549286
421044,30559,0.14411459149
421045,30562,0.179690042531
422001,30559,0.0900431667165
422002,27978,0.0721094395209
422003,30628,5.30703986421
422004,27073,0.0085477861866
422005,30592,0.0244921375139
422006,30561,0.594753140432
422007,27310,0.0130277854614
422007,27314,0.0130277854614
422008,30560,1.14940944692
422009,30561,0.483503625866
422010,30571,0.377656416464
422011,730,0.0662569713431
422012,30561,0.290162020599
422013,30557,0.502432127217
422014,30559,0.136718406057
422015,30560,0.350280660272
422016,30560,0.291644636199
422017,30557,0.182779026272
422018,30560,1.92465239917
422019,30562,0.0751564524372
422020,30556,0.570799998642
422021,30562,0.0401874415234
422022,30611,0.0668346988608
422023,30580,0.855472228815
422024,30628,4.98429651994
422025,33127,0.445819126643
422026,30556,0.942203009844
422027,30560,0.293784089125
422028,30571,0.256351930453
422029,30554,0.5407144399
422030,30628,4.70247384325
422031,30560,1.35945394528
422032,33133,0.27279178565
422033,30560,0.396402262228
422034,30590,0.119073805429
422035,30555,0.89558499421
422036,30559,0.0491925266776
422037,30571,0.0731242037093
422038,30561,0.461311431928
422039,27074,0.0125032796631
422040,30567,0.101198388277
422041,30571,0.106313922242
422042,6226,0.0885944651949
422043,30562,0.353882742508
422044,30561,0.682298277591
422045,30569,0.326444177717
422046,27363,0.0207821144574
422047,30569,0.636126288384
422048,30560,0.536321962007
422049,30560,1.05781615431
422050,33127,0.168652260001
422051,28005,0.439270910649
422052,30555,0.712033540731
422053,30560,0.698631008817
422054,30567,0.094826769863
422055,26949,0.327988391027
422056,30557,0.296888954692
422057,30573,0.241532875493
422058,30571,0.228421572392
422059,30580,1.57918431402
422060,28005,0.194877853028
422061,30627,0.654501175161
501001,30679,0.0288056063631
511001,30675,0.0194940091383
512001,30652,0.0597087420419
512002,30674,0.0296991542198
512003,30680,0.1240036446
512004,30689,0.412658151459
512005,30642,3.05773123833
513001,32004,0.127758418412
513002,30757,0.0559347444521
513003,30742,0.0436213724148
513004,16598,0.109337478883
514001,30675,0.497844744225
514002,18391,0.0573475183805
514003,32318,0.0926070521878
514004,30749,3.19913895733
514005,30680,0.732271881376
515001,30675,0.165615064432
515002,30675,0.794182174516
515003,30680,0.233428227779
515004,30674,0.215166984237
515005,15338,0.0163583690497
515006,16953,0.0536039084777
515006,16957,0.0536039084777
515007,30658,0.0121111321773
515008,32648,0.0762374287918
515009,30675,0.297739668354
515010,30689,0.511133375413
515011,32160,0.105563791717
515012,30728,0.148264729035
515013,30819,1.88399091243
515014,30675,0.338861075348
515015,15881,0.0398260408791
515016,30691,0.0320391197175
515017,30642,2.61670865843
515018,30657,1.28739386966
515019,30925,0.483197745337
515020,32164,0.608879676485
515021,30680,2.3287654136
515022,18351,0.773405667317
515023,30657,0.398780663653
515024,31988,1.50158524481
515025,30745,2.43359822551
515026,31988,0.160709970982
515027,30689,0.144229801824
515028,30745,1.94786937379
515029,30687,0.181655050554
515030,30658,1.65948071206
515031,31987,0.347601627666
515031,31991,0.347601627666
515032,16552,0.076790038014
515033,30687,0.120666514428
515034,30680,0.803651657411
521001,30675,0.424965327815
521002,19689,0.0211592521292
521003,30680,0.499870467305
521004,30920,4.62696380874
521005,30680,0.977997773972
521006,32626,0.0230048659053
521006,32630,0.0230048659053
521007,31988,0.795629402793
521008,30675,0.170297239196
521009,30675,0.885071161183
521010,30680,1.14367421102
521011,30680,2.17523425483
521012,30675,0.182046668622
521013,30675,0.14869899735
521014,30677,0.21956313823
521015,30680,0.297866135036
521016,30642,2.86733778389
521017,30680,1.95176273501
521018,32318,0.185259722582
521019,30680,1.28673426479
521020,18351,1.52723348046
521021,15777,0.174159616624
521022,19377,0.318345091847
521022,19373,0.318345091847
521023,30687,0.381051120022
521024,32318,0.0178707844488
521025,18185,1.00443394408
521026,30680,1.04260114668
521027,30920,2.72634618028
521028,19272,0.0162917822763
521028,19268,0.0162917822763
521029,30677,0.32114843334
521030,30642,2.6272220957
521031,30680,1.76248294536
521032,30658,1.16258337042
521033,19376,0.0203145340318
521034,30642,5.93772154177
521035,30642,4.93404636594
521036,18300,0.040367480947
521037,30680,0.357741157196
521038,30720,4.26878789584
521039,30689,1.14685123586
521040,30689,3.1615601308
521041,30687,0.291838450442
521042,30677,0.221283153198
521043,30641,1.64868222662
521044,31929,0.383744622908
521045,30659,0.00484839730522
521046,16574,0.115618281485
521046,16570,0.115618281485
521047,31961,0.663217549993
521047,31957,0.663217549993
521048,30664,0.395283617363
521049,30680,1.27947781843
521050,30680,1.43093517665
521051,31954,0.114143971672
521052,30677,0.266730266113
521053,30643,2.79207054803
521054,30680,0.594560793273
521055,30680,1.2471640645
521056,30687,0.332282478979
521057,30680,0.431417616032
521058,30920,0.127256348346
522001,30675,0.563735919304
522002,20922,0.0295847107914
522003,30819,1.99665359646
522004,30765,0.0602182470394
522005,30680,0.159619893893
522006,32085,0.0394298899317
522007,30657,1.13255359003
522008,30680,0.226778492661
522009,30689,0.334539841958
522010,30680,0.174713023085
522011,16321,0.93729197421
522012,30688,0.023113405683
522013,30675,0.396771989466
522014,30725,0.195496460869
522015,30657,0.68165182314
522016,31988,1.48516480968
522017,30689,3.46752637027
522018,30675,0.118352644136
522019,30675,1.06733203404
522020,32586,0.0801781146772
522020,32590,0.0801781146772
522021,30680,1.27532166226
522022,31988,0.370438033375
522023,16416,0.0335472791922
522024,30675,0.654654192734
522025,30680,0.0814546765049
522026,30679,0.172810571977
522027,30647,0.512298340768
522028,30751,3.49364979137
522029,30902,0.0708046011983
522030,30657,0.509045021613
522031,30778,6.70424707928
522032,30647,2.07101165424
522033,30680,1.85139692905
522034,30647,1.94461020626
522035,30647,1.43262006594
522036,30633,4.75599828974
522037,16377,0.0169143202338
522037,16373,0.0169143202338
522038,32524,0.711702519633
522039,30751,1.10471832815
522040,30920,4.04870303327
522041,30689,0.580678920459
522042,30680,2.43680599725
522043,30689,0.860661046595
522044,30665,0.496359627938
522045,32155,2.393652424
522046,32081,0.253849310118
522046,32077,0.253849310118
522047,30674,0.181843012251
522048,31943,0.0335958983824
522049,19271,0.380178587459
522050,30657,0.940728954472
522051,16321,0.881409243378
522052,30631,2.93715078316
522053,30680,0.134334232675
522054,32094,0.0709232454764
522055,30630,6.0525313459
522056,30924,1.5249484224
522057,30680,0.0369582892654
522058,30680,1.7672481311
522059,30675,1.25312928855
522060,30689,5.91166317639
522061,30680,0.351348898006
522062,30680,1.57979496169
522063,31987,0.424160452444
522063,31991,0.424160452444
522064,32524,1.54417713057
522065,30751,1.88785366144
522066,30630,5.73545058515
522067,17705,0.0179176534627
603001,29407,0.084858802833
611001,29340,0.016396560727
612001,12949,0.0137331911495
613001,12985,0.225653809286
613002,13217,0.0264364649757
613002,13213,0.0264364649757
614001,29406,0.0568567711416
614002,11840,0.212688140742
615001,29339,0.0563395287157
615002,12672,0.0188542617352
615002,12668,0.0188542617352
615003,29346,0.0140428227664
615004,29331,0.27094336847
615005,29390,0.0180787231082
615006,29340,0.179597437475
615007,11748,0.0292819842462
615007,11744,0.0292819842462
615008,29340,0.0822605159072
615009,29154,0.0174744060795
615010,29320,0.0197620509521
615011,30057,0.0224061574768
615011,30053,0.0224061574768
615012,29340,0.157475687404
615013,29954,0.00815345591071
615014,29603,0.0127087689739
615015,12985,0.0448169154517
615016,29340,0.137639249192
615017,11849,0.0181690133051
615018,29218,0.103500145122
615019,29352,0.165529054373
615020,29313,0.156161180778
615021,29306,0.0118984639527
615022,29613,0.0147606588989
615023,29363,0.0254926395885
615024,30058,0.276900402353
615024,30062,0.276900402353
621001,7517,0.00306234777562
621002,29384,0.585092997536
621003,29392,0.0261553983014
621004,29340,0.246273220815
621005,27293,0.00992107800209
621006,29152,0.0193229633286
621007,29760,0.0874242871651
621008,29159,0.0289680078515
621009,30094,0.0411380637287
621009,30098,0.0411380637287
621010,30076,0.0752916383473
621011,29759,0.0243344745822
621012,30094,0.0723563557039
621012,30098,0.0723563557039
621013,29150,0.0318821347458
621013,29408,0.0318821347458
621014,29396,0.440000019363
621015,29386,0.0308044189611
621016,10221,0.0285127188036
621017,29313,0.111553983515
621018,29155,0.00161098340037
621019,29389,0.0229484519231
621020,29221,0.359633569749
621021,29365,0.0641431521136
621022,29150,0.0390256440204
621022,29408,0.0390256440204
621023,29394,0.021197598091
621024,29365,0.141220624881
621025,11720,0.0444542929051
621026,29219,0.0202083208079
621027,12985,0.0933987214575
621028,29376,0.0173977216952
621029,29511,0.0069364548322
621029,29515,0.0069364548322
621030,29221,0.152005575946
622001,29398,0.127113674215
622002,12129,0.0216596522771
622003,29399,0.383268656606
622004,29340,0.278535656967
622005,29357,0.290010434925
622006,29389,0.0946968854047
622007,29340,0.141819871718
622008,29405,0.0915851768437
622009,29392,0.0381496654493
622010,30057,0.0527004054601
622010,30053,0.0527004054601
622011,29711,0.0174293741991
622011,29707,0.0174293741991
622012,9828,0.0106861653239
622013,9830,0.0110535443468
622014,29954,0.0320718717474
622015,30094,0.0606995672864
622015,30098,0.0606995672864
622016,29365,0.298406279006
622017,11817,0.0143809804724
622017,11813,0.0143809804724
622018,10185,0.00432537908631
622019,30066,0.0463635087702
622020,12985,0.129901490424
622021,30096,0.0257974562582
622022,29398,0.194477417553
622023,29150,0.0268469906364
622023,29408,0.0268469906364
622024,30056,0.177697839823
622025,29341,0.0199080945975
622026,29158,0.457785402921
622027,29313,0.320907869537
622028,9835,0.0053425340086
622028,9824,0.0053425340086
622029,10697,0.0197633541295
622030,12984,0.278822526401
622031,29357,0.365100401221
622032,29469,0.543712047362
622032,29465,0.543712047362
622033,11840,0.0288736569747
622034,13065,0.0151384414722
622035,30094,0.0198827163986
622035,30098,0.0198827163986
622036,29231,0.477366370756
622037,9851,0.0072488622421
622037,9855,0.0072488622421
622038,29221,0.450842336093
703001,30968,0.0380015802599
712001,30628,8.20816962678
714001,30975,2.16983753794
715001,2641,0.0299886521289
715001,2645,0.0299886521289
715002,30976,0.482554388327
715003,30995,0.0452931336085
715004,2699,0.0181118066186
715004,2695,0.0181118066186
715005,31041,0.638012368594
715006,31021,0.0233784733558
715007,31047,4.49576530282
715008,30955,0.109654879876
715009,3999,0.0242376666204
715009,4003,0.0242376666204
721001,31047,5.61835680889
721002,6345,0.011775832671
721002,6355,0.011775832671
721003,6345,0.129245743561
721003,6355,0.129245743561
721004,31047,0.421346795692
721005,30943,2.53954441845
721006,31012,0.199042430216
721007,30628,7.70383033652
721008,30968,0.107910238078
721009,31562,0.146322349196
721010,30976,0.618587908246
721011,30943,3.32845950056
721012,3437,0.0164284880195
721013,31001,0.208944738499
721014,30626,7.99149570302
721015,31041,2.27319346579
721016,6667,0.0245291004735
721017,30943,7.41766126874
721018,30628,6.2592956947
722001,30967,0.594324977766
722002,31052,3.90362836871
722003,30628,8.18264056039
722004,31050,5.77648632691
722005,30628,7.4637083906
722006,30975,2.36188687796
722007,30967,0.394494015238
722008,30975,2.24948267615
722009,31041,1.50972158969
722010,31050,4.72857244878
722011,31042,3.2323919481
722012,30628,8.15868453106
722013,31041,2.10249140199
722014,30630,6.80329978074
722015,31047,7.69912839284
722016,31041,2.31360879152
722017,2615,0.0594950860688
722018,31041,1.39485220748
722019,2635,0.0273096384019
722019,2640,0.0273096384019
722020,30628,6.11349870226
722021,30958,0.613242577942
722022,30951,0.22977803391
722023,30925,7.48542560645
722024,30628,8.29416704452
722025,30967,1.47269229075
722026,2612,0.00861190168273
722026,2621,0.00861190168273
722027,31047,0.872247916299
722028,30628,7.3877647983
722029,6348,0.0732701690025
722030,30969,0.0729511163706
722031,30924,7.83964152721
722032,2688,0.0272382902068
722033,31047,6.71830637422
722034,31047,4.75922546639
722035,30943,1.74755189249
722036,30943,7.54893876284
802001,31283,1.12358385284
822001,31283,1.23162081081
922002,25703,0.0439540770265
922002,25699,0.0439540770265
