UCL_CODE11,UCL_NAME11,HubDist
101001,Sydney,0.019989493104467
102001,Canberra - Queanbeyan (Queanbeyan Part),0.019034838406093
102002,Central Coast,0.020240682196194
102003,Gold Coast - Tweed Heads (Tweed Heads Part),0.021197554410572
102004,Newcastle,0.020340105324421
103001,Wollongong,0.020111689750782
111001,Albury - Wodonga (Albury Part),0.017430177250987
111002,Maitland (NSW),0.020195099393181
112001,Bathurst,0.018537078903405
112002,Blue Mountains,0.019390839136128
112003,Cessnock,0.019984294996978
112004,Coffs Harbour,0.021047279134159
112005,Dubbo,0.017211797349266
112006,Goulburn,0.019202864264896
112007,Lismore,0.021020766216153
112008,Mildura - Buronga (Buronga Part),0.012475633003078
112009,Nowra - Bomaderry,0.020051337887801
112010,Orange,0.018034405697069
112011,Port Macquarie,0.021090342205197
112012,Tamworth,0.019103347115631
112013,Wagga Wagga,0.017299870645544
113001,Armidale,0.019684358266562
113002,Ballina,0.021296864394429
113003,Batemans Bay,0.020059383766947
113004,Bowral - Mittagong,0.019730609422407
113005,Broken Hill,0.010600500649195
113006,Echuca - Moama (Moama Part),0.015675036580277
113007,Forster - Tuncurry,0.020918666513001
113008,Grafton,0.020783741738630
113009,Griffith,0.015736819289833
113010,Kempsey,0.020918419136420
113011,Kiama,0.020189669964871
113012,Kurri Kurri - Weston,0.020096044468845
113013,Lithgow,0.019096476048854
113014,Morisset - Cooranbong,0.020205946448967
113015,Muswellbrook,0.019380062785746
113016,Nelson Bay - Corlette,0.020700035799945
113017,Parkes,0.017133745040454
113018,Raymond Terrace,0.020349311957605
113019,Singleton,0.019726071108287
113020,Taree,0.020773527937468
113021,Ulladulla,0.020131853630719
114001,Camden Haven,0.021041871999216
114002,Casino,0.020781677048012
114003,Cooma,0.019381732570258
114004,Cootamundra,0.017638864250643
114005,Corowa - Wahgunyah (Corowa Part),0.016927270458296
114006,Cowra,0.017868357472680
114007,Deniliquin,0.015501176253102
114008,Forbes,0.017074506918974
114009,Glen Innes,0.019602278856143
114010,Gunnedah,0.018397948476398
114011,Helensburgh,0.020132578024995
114012,Inverell,0.019002397396062
114013,Leeton,0.016177792497645
114014,Lennox Head,0.021314203943031
114015,Medowie,0.020456720267327
114016,Merimbula,0.020383525158151
114017,Moree,0.017696043578492
114018,Moss Vale,0.019718999461890
114019,Mudgee,0.018237001959121
114020,Murwillumbah,0.021082224511316
114021,Nambucca Heads,0.021008246069076
114022,Narrabri,0.017794997950218
114023,Pottsville,0.021242004510982
114024,Salamander Bay - Soldiers Point,0.020647426847177
114025,Scone,0.019282499884143
114026,St Georges Basin - Sanctuary Point,0.020152498615337
114027,Summerland Point - Gwandalan,0.020303678506321
114028,Tumut,0.018128851767297
114029,Wauchope,0.020935979930423
114030,Yamba,0.021143963985496
114031,Yarrawonga - Mulwala (Mulwala Part),0.016600405880819
114032,Yass,0.018514645445628
114033,Young,0.017732282660696
115001,Aberdeen,0.019352653815576
115002,Alstonville,0.021170217456171
115003,Anna Bay,0.020675455154559
115004,Appin,0.019953873123302
115005,Arrawarra,0.021100012152093
115006,Balranald,0.013837972921682
115007,Bangalow,0.021235474952820
115008,Bargo,0.019791449937347
115009,Barham - Koondrook (Barham Part),0.014892143680459
115010,Barooga,0.016310860033224
115011,Barraba,0.018621338340246
115012,Basin View,0.020108297290260
115013,Batlow,0.018170055144931
115014,Bega,0.020207734697090
115015,Bellingen,0.020880596137252
115016,Bermagui,0.020286354899778
115017,Berry,0.020089354316541
115018,Bingara,0.018479044677947
115019,Blackheath,0.019276861931194
115020,Blayney,0.018273730300602
115021,Boat Harbour,0.020698764987167
115022,Bombala,0.019820890735978
115023,Bonny Hills,0.021068461594212
115024,Boorowa,0.018170327564497
115025,Bourke,0.014013625907748
115026,Bowen Mountain,0.019565004590366
115027,Bowraville,0.020875072303391
115028,Braidwood,0.019578516640783
115029,Branxton,0.019939177177184
115030,Broulee - Mossy Point,0.020088793109363
115031,Brunswick Heads,0.021245437520010
115032,Bulahdelah,0.020679935308620
115033,Bundanoon,0.019686892862676
115034,Bundeena,0.020242959562765
115035,Bungendore,0.019178786455722
115036,Buxton,0.019738272228896
115037,Byron Bay,0.021307729770413
115038,Callala Bay,0.020201073670082
115039,Cambewarra Village,0.019992799070493
115040,Canowindra,0.017748874865592
115041,Cobar,0.014347513595435
115042,Colo Vale,0.019753248327712
115043,Condobolin,0.016168367931208
115044,Coolamon,0.016999066171808
115045,Coonabarabran,0.017547325619906
115046,Coonamble,0.016600704232836
115047,Coraki,0.021028127598572
115048,Corindi Beach,0.021097467366749
115049,Crookwell,0.018849782162566
115050,Culburra Beach - Orient Point,0.020215508548288
115051,Culcairn,0.017299471105439
115052,Dalmeny,0.020203080272574
115053,Denman,0.019218556235325
115054,Dorrigo,0.020673271938522
115055,Douglas Park,0.019876704099603
115056,Dungog,0.020241762812007
115057,Eden,0.020463793947928
115058,Estella,0.017255445694341
115059,Evans Head,0.021182326253934
115060,Fingal Bay,0.020741501257859
115061,Finley,0.016061914689919
115062,Forest Hill,0.017394540384621
115063,Frederickton,0.020975918325798
115064,Freemans Reach,0.019710140180328
115065,Galston,0.019981319688414
115066,Gerringong,0.020203980562287
115067,Gilgandra,0.017075366348565
115068,Glossodia,0.019684686079742
115069,Gloucester,0.020331689722063
115070,Greenwell Point,0.020185658115915
115071,Grenfell,0.017423962604894
115072,Greta,0.019982415113827
115073,Gulgong,0.018121101201925
115074,Gulmarrad,0.021045339027550
115075,Gundagai,0.017912805363951
115076,Guyra,0.019633308877193
115077,Harden - Murrumburrah,0.017887764128514
115078,Harrington,0.020978732103333
115079,Hawks Nest,0.020731837350854
115080,Hay,0.014821616139912
115081,Heddon Greta,0.020134223063412
115082,Hill Top,0.019740479909534
115083,Holbrook,0.017562344226206
115084,Howlong,0.017130210604158
115085,Iluka,0.021154622551740
115086,Jindabyne,0.019035522998904
115087,Jindera,0.017327563742921
115088,Junction Hill,0.020765438849875
115089,Junee,0.017344776285745
115090,Kandos,0.018701713512274
115091,Karuah,0.020514667384089
115092,Kootingal,0.019209668493598
115093,Kurrajong,0.019597012384588
115094,Kyogle,0.020704745811753
115095,Lake Cargelligo,0.015558269575980
115096,Lake Cathie,0.021069678355028
115097,Lemon Tree Passage,0.020609012104098
115098,Lightning Ridge,0.015855182599888
115099,Macksville,0.020948465134896
115100,Maclean,0.021023474543260
115101,Malua Bay,0.020121026117122
115102,Manilla,0.018815782002385
115103,Milton,0.020097021927953
115104,Molong,0.017748017116748
115105,Moruya,0.020060099577341
115106,Mullumbimby,0.021188904548706
115107,Murrumbateman,0.018663732019103
115108,Narooma,0.020217296448392
115109,Narrandera,0.016401945690230
115110,Narromine,0.016861044948665
115111,Nyngan,0.015650885027472
115112,Oberon,0.018904472822741
115113,Ocean Shores,0.021231164439463
115114,Old Bar,0.020918505650529
115115,Picton,0.019780297819209
115116,Portland (NSW),0.018887070624410
115117,Quirindi,0.018963235827127
115118,Richmond North,0.019651339580861
115119,Robertson,0.019933942771220
115120,Sandy Beach - Emerald Beach,0.021110772947836
115121,Shoal Bay,0.020740756160123
115122,Shoalhaven Heads,0.020169890601346
115123,Silverdale - Warragamba,0.019670075335537
115124,Skennars Head,0.021328726944588
115125,Smiths Lake,0.020953197637501
115126,South Golden Beach,0.021235334871451
115127,South West Rocks,0.021115324253888
115128,Stanwell Park,0.020145516149573
115129,Suffolk Park,0.021319011654244
115130,Sussex Inlet,0.020164322151657
115131,Tahmoor,0.019779814783985
115132,Tanilba Bay,0.020579937319064
115133,Tathra,0.020349742443203
115134,Tea Gardens,0.020701764505088
115135,Temora,0.017104720251209
115136,Tenterfield,0.019784140644235
115137,The Oaks,0.019702485938904
115138,Thirlmere,0.019748396087453
115139,Tocumwal,0.016165963187115
115140,Tumbarumba,0.018177905049277
115141,Tuross Head,0.020150806358702
115142,Uralla,0.019542480214211
115143,Urunga,0.020998767226817
115144,Valla Beach,0.021014318622128
115145,Vincentia,0.020209991572542
115146,Walcha,0.019717252517961
115147,Walgett,0.016118304781843
115148,Wallacia,0.019691138080003
115149,Wallerawang,0.018990371333507
115150,Warialda,0.018429203630424
115151,Warren,0.016298201802989
115152,Wee Waa,0.017448618749048
115153,Wellington,0.017635844467711
115154,Wentworth,0.012213074284224
115155,Werris Creek,0.018889140479848
115156,West Wyalong,0.016581614529317
115157,Wilberforce,0.019764397297155
115158,Wingham,0.020683192198859
115159,Wollongbar,0.021148809127979
115160,Woolgoolga,0.021106638279509
115161,Wyee,0.020227706910821
115162,Wyee Point,0.020256205341731
115163,Yenda,0.015845247730589
121001,Adelong (L),0.017993102376150
121002,Baradine (L),0.017253579614465
121003,Bawley Point (L),0.020141660174916
121004,Beechwood (L),0.020871302614958
121005,Belimbla Park (L),0.019677167161147
121006,Berrara - Cudmirrah (L),0.020149552470212
121007,Berridale (L),0.019190192953051
121008,Berrigan (L),0.016277825040017
121009,Boggabilla (L),0.018082113182479
121010,Boggabri (L),0.018146719863772
121011,Brandy Hill (L),0.020276087248396
121012,Brewarrina (L),0.014879475460504
121013,Brooklyn (L),0.020106177060546
121014,Burringbar (L),0.021157236587611
121015,Catherine Field (L),0.019850054632917
121016,Clarence Town (L),0.020325263984060
121017,Clifton Grove (L),0.018072773480536
121018,Clunes (L) (NSW),0.021123347469615
121019,Cobbitty (L),0.019781327672453
121020,Coleambally (L),0.015863069075915
121021,Coolah (L),0.018124935963595
121022,Coutts Crossing (L),0.020765373593409
121023,Cowan (L),0.020078292017209
121024,Crescent Head (L),0.021109231939482
121025,Cudgen (L),0.021229933821366
121026,Cumbalum (L),0.021264373249938
121027,Cunjurong Point - Manyana (L),0.020136327244410
121028,Curlewis (L),0.018455517434355
121029,Dareton (L),0.012300151830512
121030,Darlington Point (L),0.015839246593675
121031,Diamond Beach (L),0.020890356193237
121032,Dunedoo (L),0.017876164408951
121033,East Jindabyne (L),0.019039383778774
121034,Ellalong (L),0.019983229339704
121035,Emerald Beach West (L),0.021087476181309
121036,Erowal Bay (L),0.020203496994412
121037,Eugowra (L),0.017419409867183
121038,Exeter (L) (NSW),0.019682013189500
121039,Firgrove (L),0.017319610332109
121040,Ganmain (L),0.016849836781774
121041,Gillieston Heights (L),0.020131707573430
121042,Glenorie (L),0.019930745261455
121043,Green Point (L),0.020932668680581
121044,Hallidays Point - Black Head (L),0.020899292299413
121045,Hanwood (L),0.015754545677318
121046,Hastings Point (L),0.021253918429521
121047,Henty (L),0.017217831130498
121048,Hillston (L),0.014895748868498
121049,Huskisson (L),0.020187534385341
121050,Jamberoo (L),0.020118121724102
121051,Jerilderie (L),0.016029565937370
121052,Jilliby (L),0.020178173049576
121053,Kalaru (L),0.020320697141171
121054,Kendall (L),0.020956053383754
121055,Kianga (L),0.020222508426827
121056,Killingworth (L),0.020223100151383
121057,King Creek (L),0.020966599433719
121058,Kings Point (L),0.020126625725741
121059,Kingswood (L),0.019094725022611
121060,Kirkham (L),0.019817751249586
121061,Kurrajong Heights (L),0.019548153515259
121062,Lake Tabourie (L),0.020119359481283
121063,Lawrence (L),0.020917584578885
121064,Lockhart (L),0.016788201779581
121065,Long Beach (L),0.020076195407370
121066,Louth Park (L),0.020168698378104
121067,Maianbar (L),0.020219577998841
121068,Marulan (L),0.019439814214366
121069,Mathoura (L),0.015617837065628
121070,Medlow Bath (L),0.019284320133316
121071,Menangle (L),0.019879190831647
121072,Merriwa (L),0.018836257002906
121073,Millfield (L),0.019926301942781
121074,Millthorpe (L),0.018180104957795
121075,Minmi (L),0.020258251977923
121076,Moama - West (L),0.015630365345756
121077,Modanville (L),0.021014411360083
121078,Moonee Beach (L),0.021088914492089
121079,Moonee Beach West (L),0.021065726230085
121080,Moruya Heads (L),0.020110540956319
121081,Mount Vernon (L),0.019841797325665
121082,Mount Victoria (L),0.019220179398868
121083,Mulgoa (L),0.019689348978551
121084,Murrurundi (L),0.019178229743821
121085,Nabiac (L),0.020764420809467
121086,New Berrima (L),0.019655592980339
121087,Nords Wharf (L),0.020334420893068
121088,North Rothbury (L),0.019943075784974
121089,Nowra Hill (L),0.020029122114254
121090,Nunderi (L),0.021136015806706
121091,Oakdale (L),0.019634977656339
121092,Old Erowal Bay (L),0.020182363962393
121093,Pambula (L),0.020377442701513
121094,Pambula Beach (L),0.020405909744781
121095,Paxton (L),0.019958566214179
121096,Peak Hill (L),0.016984050368372
121097,Pitt Town (L),0.019787349097003
121098,Repton (L),0.021013756468374
121099,Richmond Hill (L),0.021070599231568
121100,Rylstone (L),0.018678964647307
121101,Safety Beach (L),0.021105079375032
121102,Salt Ash (L),0.020521331298646
121103,Scotts Head (L),0.021031316554503
121104,Smithtown - Gladstone (L),0.021044184892488
121105,Stroud (L),0.020446045663697
121106,Stuarts Point (L),0.021045007266940
121107,Tallwoods Village (L),0.020872116723830
121108,The Rock (L),0.017150093790683
121109,Tingha (L),0.019128314559937
121110,Tinonee (L),0.020747409630909
121111,Tomakin (L),0.020104378043659
121112,Townsend (L),0.021031916122079
121113,Trangie (L),0.016548114729800
121114,Uranquinty (L),0.017227059372738
121115,Walla Walla (L),0.017232520872364
121116,Wallabi Point (L),0.020911169795943
121117,Wallaga Lake (L),0.020265631697560
121118,Wallalong (L),0.020234561084645
121119,Wardell (L),0.021205505560525
121120,Waterview Heights (L),0.020716815433957
121121,Wilcannia (L),0.012103289166621
121122,Wilton (L),0.019875299595925
121123,Wongarbon (L),0.017386168733382
121124,Woodburn (L),0.021100341050680
121125,Woombah (L),0.021069324995945
121126,Wooroowoolgan (L),0.020750173202084
121127,Wyalong (L),0.016613201092068
121128,Yanco (L),0.016205294254838
121129,Yanderra (L),0.019797961009991
121130,Yerrinbool (L),0.019785083130088
122001,Adaminaby (L),0.018950503539591
122002,Agnes Banks (L),0.019663050672657
122003,Ardlethan (L),0.016510990633915
122004,Ariah Park (L),0.016787601175275
122005,Ashford (L),0.018906291874437
122006,Ashley (L),0.017634075170351
122007,Attunga (L),0.018969919536119
122008,Awaba (L),0.020231510223685
122009,Balmoral (L),0.019750151394246
122010,Barellan (L),0.016192469669614
122011,Barmedman (L),0.016845050198840
122012,Beelbangera (L),0.015765628985329
122013,Bemboka (L),0.019957759601540
122014,Berrima (L),0.019652747757885
122015,Bilbul (L),0.015806126375875
122016,Binalong (L),0.018197918290807
122017,Binnaway (L),0.017727726939668
122018,Bodalla (L),0.020110923640956
122019,Bonalbo (L),0.020344137426532
122020,Bonny Hills - West (L),0.021045222774830
122021,Bonville (L),0.020986139302187
122022,Bonville - East (L),0.021016769789929
122023,Boomerang Beach - Blueys Beach (L),0.020972671466034
122024,Bowning (L),0.018396718228914
122025,Broadwater (L),0.021179192053830
122026,Broke (L),0.019730675476254
122027,Brooms Head (L),0.021166757668087
122028,Bundarra (L),0.019037546045383
122029,Burrawang (L),0.019860807255549
122030,Candelo (L),0.020136292114975
122031,Caniaba (L),0.020939724824905
122032,Captains Flat (L),0.019341869968887
122033,Carcoar (L),0.018206213430211
122034,Cargo (L),0.017827596814213
122035,Clarenza (L),0.020819491123635
122036,Cobargo (L),0.020115580271299
122037,Collarenebri (L),0.016463827163779
122038,Conjola Park (L),0.020071921030239
122039,Coomba Park (L),0.020880324502124
122040,Coopernook (L),0.020911186958683
122041,Coramba (L),0.020955225081994
122042,Couridjah (L),0.019750570902048
122043,Cudal (L),0.017709592649759
122044,Cumnock (L),0.017584158437141
122045,Currarong (L),0.020312767946549
122046,Dangar Island (L),0.020124725988603
122047,Deepwater (L),0.019669467966151
122048,Delegate (L),0.019644767381518
122049,Delungra (L),0.018700187244677
122050,Dunoon (L),0.021028871182141
122051,Elizabeth Beach (L),0.020961114059806
122052,Emmaville (L),0.019418728248200
122053,Euston (L),0.013152179509249
122054,Ewingsdale (L),0.021271924003500
122055,Fairy Hill (L),0.020728399989230
122056,Falls Creek (L) (NSW),0.020091077960237
122057,Fishermans Paradise (L),0.020064850601615
122058,Gerroa (L),0.020205336410622
122059,Geurie (L),0.017467082311919
122060,Gilgai (L),0.019025029995349
122061,Glenreagh (L),0.020892145856805
122062,Goodooga (L),0.015280625359862
122063,Goolgowi (L),0.015286468115031
122064,Gresford - East Gresford (L),0.020052166533056
122065,Gulargambone (L),0.016790993175543
122066,Gundaroo (L),0.018919212739561
122067,Gunning (L),0.018810621483898
122068,Hallidays Point - West (L),0.020871067744154
122069,Hat Head (L),0.021152261078703
122070,Hinton (L),0.020243368776823
122071,Hyland Park (L),0.021012590054337
122072,Ivanhoe (L),0.013539328824008
122073,Kangaroo Valley (L),0.019929574219156
122074,Khancoban (L),0.018506501405693
122075,Kioloa (L),0.020150082539177
122076,Kitchener (L),0.020023248017469
122077,Koorawatha (L),0.017847587001743
122078,Kurmond (L),0.019619106605521
122079,Lake Conjola (L),0.020118723827918
122080,Lakewood Estate (L),0.019067176599143
122081,Lansdowne (L),0.020821459710755
122082,Lennox Head - West (L),0.021297788920629
122083,Leppington (L),0.019885360403206
122084,Linden (L),0.019494275096558
122085,Lochinvar (L),0.020048351582422
122086,Lord Howe Island (L),0.027154685243161
122087,Luddenham (L),0.019738580457174
122088,Lyndhurst (L),0.018136357023735
122089,Maloneys Beach (L),0.020103476023006
122090,Manildra (L),0.017629172297163
122091,Manning Point (L),0.020973312362450
122092,Marrangaroo (L),0.019044995647359
122093,Menangle Park (L),0.019872944710616
122094,Mendooran (L),0.017561347766722
122095,Menindee (L),0.011635313571101
122096,Mogo (L),0.020041914228865
122097,Moonbi (L),0.019216077723616
122098,Mooney Mooney (L),0.020079131627260
122099,Moulamein (L),0.014496784096996
122100,Mulbring (L),0.020138563541098
122101,Mungindi (NSW Part) (L),0.016773815462319
122102,Mylestom (L),0.021021797121266
122103,Nana Glen (L),0.020937941579852
122104,Neath (L),0.020047456549730
122105,Nelligen (L),0.019981662490189
122106,Nemingha (L),0.019160468019440
122107,Nimbin (L),0.020931411321395
122108,Nimmitabel (L),0.019653393544627
122109,North Arm Cove (L),0.020598280609756
122110,North Shore (L),0.021094840222449
122111,Nundle (L),0.019379062069421
122112,Oaklands (L),0.016500069149922
122113,Orchard Hills (L),0.019755348537262
122114,Otford (L),0.020153462484853
122115,Pallamallawa (L),0.017987559330489
122116,Paterson (L),0.020170961183786
122117,Patonga (L),0.020158488675528
122118,Perisher Village (L),0.018843715217407
122119,Perthville (L),0.018537424622597
122120,Picton - West (L),0.019736630153271
122121,Pindimar (L),0.020661443422774
122122,Putta Bucca - Bombira (L),0.018250558853912
122123,Rainbow Flat (L),0.020825958085030
122124,Red Head (L),0.020896957415453
122125,Red Rock (L),0.021116701834291
122126,Riverside (L),0.021061301468225
122127,San Isidore (L),0.017230058007079
122128,Seaham (L),0.020296049220710
122129,Seahampton (L),0.020229539596525
122130,South Durras (L),0.020116178832137
122131,South Pambula (L),0.020359171985514
122132,Spring Hill (L),0.018133563840691
122133,Stanwell Tops (L),0.020128725194365
122134,Stockinbingal (L),0.017446032773887
122135,Sutton (L),0.018973470942233
122136,Talbingo (L),0.018335171981756
122137,Tapitallee (L),0.019984406997035
122138,Taralga (L),0.019146377925462
122139,Tarcutta (L),0.017698096755941
122140,Tarraganda (L),0.020226312243252
122141,Telegraph Point (L),0.020959937552731
122142,Thredbo Village (L),0.018814935245796
122143,Tintenbar (L),0.021233190966085
122144,Tomago (L),0.020355968306572
122145,Tomerong (L),0.020115658758843
122146,Toomelah (L),0.018203765141217
122147,Tottenham (L),0.016032441516354
122148,Trundle (L),0.016614174141677
122149,Tucabia (L),0.020949881317433
122150,Tullamore (L),0.016376585678629
122151,Tumbulgum (L),0.021134792397440
122152,Tyalgum (L),0.020886774196220
122153,Uki (L),0.021021087903005
122154,Ulmarra (L),0.020866953019746
122155,Ungarie (L),0.016250609570167
122156,Urana (L),0.016473055695587
122157,Urbenville (L),0.020240069760539
122158,Wallabadah (L),0.019105066279163
122159,Waterfall (L),0.020113865449259
122160,Whitton (L),0.015966368204068
122161,Wingello (L),0.019576332856715
122162,Wolumla (L),0.020269417785632
122163,Woodenbong (L),0.020295955158098
122164,Woodstock (L),0.017988834249610
122165,Wooli (L),0.021134679279545
122166,Woollamia (L),0.020159185133488
122167,Wooloweyah (L),0.021156501179514
122168,Yarramundi (L),0.019620746961361
122169,Yeoval (L),0.017421867418394
201001,Melbourne,0.017088075118216
203001,Geelong,0.016722791190886
211001,Albury - Wodonga (Wodonga Part),0.017414188337259
211002,Ballarat,0.015963496842175
211003,Bendigo,0.015727545815004
212001,Melton,0.016549481511988
212002,Mildura - Buronga (Mildura Part),0.012453042997349
212003,Pakenham,0.017497213765842
212004,Shepparton - Mooroopna,0.016367864742902
212005,Sunbury,0.016600011184083
212006,Traralgon,0.018374422269445
212007,Warrnambool,0.015613939861031
213001,Bacchus Marsh,0.016447230681096
213002,Bairnsdale,0.018999602474572
213003,Colac,0.016333836983812
213004,Drysdale - Clifton Springs,0.016892241384577
213005,Echuca - Moama (Echuca Part),0.015693071927391
213006,Horsham,0.014200795832285
213007,Lara,0.016672395865192
213008,Moe - Newborough,0.018164580396118
213009,Morwell,0.018312737170579
213010,Ocean Grove - Barwon Heads,0.016924925625429
213011,Sale,0.018743009211705
213012,Torquay - Jan Juc,0.016822682895869
213013,Wangaratta,0.017071612613203
213014,Warragul,0.017898170288031
214001,Ararat,0.015110446229228
214002,Benalla,0.016931269478973
214003,Castlemaine,0.015884835874018
214004,Cobram,0.016283124508255
214005,Corowa - Wahgunyah (Wahgunyah Part),0.016954451153393
214006,Drouin,0.017804801100510
214007,Gisborne,0.016442071603369
214008,Hamilton,0.014845131215056
214009,Healesville,0.017260511083595
214010,Kilmore,0.016590565643090
214011,Kyabram,0.016041215167751
214012,Lakes Entrance,0.019324430325060
214013,Leopold,0.016834186723844
214014,Maryborough (Vic.),0.015519221804355
214015,Portland (Vic.),0.015056473820141
214016,Seymour,0.016568586704732
214017,Stawell,0.014831582450616
214018,Swan Hill,0.014255890535815
214019,Wallan,0.016685761315717
214020,Wonthaggi,0.017934975048575
214021,Yarrawonga - Mulwala (Yarrawonga Part),0.016619454631172
215001,Aireys Inlet - Fairhaven,0.016763591843177
215002,Alexandra,0.017104394207659
215003,Anglesea,0.016789740563930
215004,Apollo Bay,0.016684271113576
215005,Ballan,0.016254122989338
215006,Balnarring - Balnarring Beach,0.017440007706731
215007,Bannockburn,0.016530372143397
215008,Baranduda,0.017506609217390
215009,Barham - Koondrook (Koondrook Part),0.014894811492591
215010,Beaconsfield Upper,0.017397989287134
215011,Beechworth,0.017390898287578
215012,Blind Bight,0.017486915207044
215013,Bright,0.017819178740039
215014,Broadford,0.016607376139716
215015,Bunyip,0.017693542585577
215016,Camperdown,0.015950404823062
215017,Cape Woolamai,0.017697860506899
215018,Casterton,0.014327337664704
215019,Churchill,0.018365066365126
215020,Cobden,0.015970107667100
215021,Cohuna,0.015074714323582
215022,Corryong,0.018308635255996
215023,Cowes,0.017577722177930
215024,Creswick,0.015887201888878
215025,Daylesford - Hepburn Springs,0.016019213294868
215026,Diggers Rest,0.016631218974992
215027,Dimboola,0.013887493226543
215028,Donald,0.014508965767007
215029,Euroa,0.016722163683617
215030,Foster,0.018425128730098
215031,Garfield,0.017657645283520
215032,Heathcote,0.016166889710169
215033,Heyfield,0.018435769241698
215034,Heywood,0.014895177912619
215035,Inverloch,0.018054241993815
215036,Kerang,0.014804949170693
215037,Koo Wee Rup,0.017589598669286
215038,Koroit,0.015482684329701
215039,Korumburra,0.017993840424689
215040,Kyneton,0.016185318549645
215041,Lancefield,0.016408982372679
215042,Lang Lang,0.017694157530749
215043,Leongatha,0.018118185936522
215044,Longwarry,0.017740951474592
215045,Lorne,0.016737247613846
215046,Macedon,0.016392360674004
215047,Maffra,0.018579988991063
215048,Maldon,0.015726087893139
215049,Mansfield,0.017313819395295
215050,Merbein,0.012366287358856
215051,Millgrove,0.017419659604025
215052,Mirboo North,0.018227578832741
215053,Mortlake,0.015613092868774
215054,Mount Beauty - Tawonga South,0.017989014584179
215055,Myrtleford,0.017541295830106
215056,Nagambie,0.016418576767597
215057,Nathalia,0.016007239175777
215058,Nhill,0.013540684838293
215059,Numurkah,0.016219876527713
215060,Orbost,0.019609690123143
215061,Ouyen,0.013134820792966
215062,Paynesville,0.019129572861495
215063,Point Lonsdale - Queenscliff,0.017015331324380
215064,Port Fairy,0.015461871541256
215065,Portarlington,0.016921255733036
215066,Red Cliffs,0.012553654363183
215067,Riddells Creek,0.016487815191996
215068,Robinvale,0.013183871762777
215069,Rochester,0.015795357071018
215070,Romsey,0.016468307654866
215071,Rosedale,0.018545024889623
215072,Rutherglen,0.017026680411600
215073,San Remo,0.017729545937622
215074,Seville,0.017285832108603
215075,St Arnaud,0.014875816549515
215076,St Leonards,0.017006605097996
215077,Stratford,0.018663412757693
215078,Tatura,0.016262514009639
215079,Terang,0.015799963609394
215080,Tongala,0.015924528398983
215081,Trafalgar,0.018097269634457
215082,Wandong - Heathcote Junction,0.016688734107005
215083,Warburton,0.017454553184348
215084,Warracknabeal,0.013999102107180
215085,Whittlesea,0.016856588471874
215086,Winchelsea,0.016537379889185
215087,Wonga Park,0.017120045827421
215088,Woodend,0.016312142660203
215089,Woori Yallock - Launching Place,0.017344138623898
215090,Yallourn North,0.018218910671543
215091,Yarra Glen,0.017143864387204
215092,Yarra Junction - Wesburn,0.017415746975583
215093,Yarragon,0.018024880414827
215094,Yarram,0.018722579451916
215095,Yea,0.016892222039865
221001,Allansford (L),0.015702679213641
221002,Avenel (L),0.016545423217118
221003,Avoca (L),0.015355058153906
221004,Barnawartha (L),0.017231276814166
221005,Batesford (L),0.016633356187673
221006,Beaufort (L),0.015530669116726
221007,Birchip (L),0.014192462187544
221008,Boolarra (L),0.018298132931816
221009,Boort (L),0.014887562907947
221010,Briagolong (L),0.018577456887982
221011,Bruthen (L),0.019091191196740
221012,Bushfield - Woodford (L),0.015590575704019
221013,Cabarita (L),0.012409683801912
221014,Cannons Creek (L),0.017465465607389
221015,Cape Paterson (L),0.017999680575007
221016,Cardigan Village (L),0.015824662187389
221017,Carisbrook (L),0.015569174961918
221018,Charlton (L),0.014706012118483
221019,Chiltern (L),0.017193387401683
221020,Clunes (L) (Vic.),0.015709781887616
221021,Coleraine (L),0.014519079891057
221022,Corinella (L),0.017691105216700
221023,Coronet Bay (L),0.017713900952418
221024,Dunolly (L),0.015386252619344
221025,Eagle Point (L),0.019094365263914
221026,East Warburton (L),0.017491112671362
221027,Edenhope (L),0.013814490923803
221028,Eildon (L),0.017286957053406
221029,Elmore (L),0.015808758501165
221030,Flinders (L),0.017431022247223
221031,Gembrook (L),0.017471522992876
221032,Glengarry (L),0.018362652404558
221033,Grantville (L),0.017761741643573
221034,Greendale (L),0.016280596458000
221035,Hopetoun (L) (Vic.),0.013614459947878
221036,Hopetoun Park (L),0.016520104889004
221037,Indented Head (L),0.016969197601276
221038,Inglewood (L) (Vic.),0.015298335571554
221039,Inverleigh (L),0.016479768294465
221040,Kaniva (L),0.013292810095433
221041,Kinglake (L),0.017044353573083
221042,Kinglake West (L),0.016940377930565
221043,Lake Boga (L),0.014402366029027
221044,Lake Tyers Beach (L),0.019391095071559
221045,Lethbridge (L),0.016441155026186
221046,Loch Sport (L),0.019102304673074
221047,Mallacoota (L),0.020589815271981
221048,Malmsbury (L),0.016086724824900
221049,Maryknoll (L),0.017565546195410
221050,Metung (L),0.019215573281714
221051,Moriac (L),0.016665759562402
221052,Murchison (L),0.016357065352114
221053,Murtoa (L),0.014313208400591
221054,Neerim South (L),0.017820991967551
221055,Newlands Arm (L),0.019122852361844
221056,Newstead (L),0.015802514207062
221057,Nyora (L),0.017815918532954
221058,Officer (L),0.017438659094989
221059,Porepunkah (L),0.017765728025903
221060,Rainbow (L),0.013467380413285
221061,Raymond Island (L),0.019155869383672
221062,Rhyll (L),0.017630955354677
221063,Rockbank (L),0.016658197651296
221064,Rushworth (L),0.016179153587008
221065,Sea Lake (L),0.013829664650120
221066,Seville East (L),0.017313284974386
221067,Surf Beach - Sunderland Bay (L),0.017650144150807
221068,Tallangatta (L),0.017710887866476
221069,Teesdale (L),0.016422481927444
221070,Timboon (L),0.016023989694080
221071,Tooradin (L),0.017515754540133
221072,Trentham (L),0.016179774041217
221073,Ventnor (L),0.017543806349744
221074,Venus Bay (L),0.018132628453446
221075,Violet Town (L),0.016766849756163
221076,Wedderburn (L),0.015005833929208
221077,Werribee South (L),0.016845278491239
221078,Wurruk (L),0.018707077092157
221079,Wycheproof (L),0.014487735405905
221080,Yackandandah (L),0.017487756472093
221081,Yinnar (L),0.018300674589369
222001,Arcadia Downs (L),0.016364312136193
222002,Arthurs Seat (L),0.017311545454983
222003,Axedale (L),0.015917589031254
222004,Baw Baw Village (L),0.017938767845154
222005,Beeac (L),0.016259269992788
222006,Bellbridge (L),0.017550980618300
222007,Bethanga (L),0.017589669367026
222008,Beulah (L),0.013799841750792
222009,Birregurra (L),0.016462641742352
222010,Blackwood (L),0.016220207274104
222011,Bridgewater (L),0.015371553650437
222012,Bulla (L),0.016703584116671
222013,Buln Buln (L),0.017862209942413
222014,Bundalong (L),0.016773098787542
222015,Buxton (L),0.017246844923196
222016,Cape Schanck (L),0.017333348055546
222017,Clyde (L),0.017441118864678
222018,Dales Creek (L),0.016256680616219
222019,Dalyston (L),0.017874903320596
222020,Darnum (L),0.017971456277440
222021,Dartmoor (L),0.014508292676833
222022,Derrinallum (L),0.015784707639251
222023,Dinner Plain (L),0.018221538266287
222024,Don Valley (L),0.017378741150073
222025,Dookie (L),0.016555552181489
222026,Dunkeld (L),0.014977772239928
222027,Eldorado (L),0.017221580041295
222028,Enfield (L),0.016040568154041
222029,Falls Creek (L) (Vic.),0.018159494119704
222030,Glenrowan (L),0.017068625477268
222031,Glenrowan - North (L),0.017061249010929
222032,Golden Beach - Paradise Beach (L),0.019055254544667
222033,Goornong (L),0.015810439615863
222034,Gordon (L),0.016154809923755
222035,Goroke (L),0.013705118314319
222036,Guildford (L),0.015903289986880
222037,Gunbower (L),0.015282341731029
222038,Halls Gap (L),0.014725273638203
222039,Harcourt (L),0.015873243486447
222040,Harrietville (L),0.018003360719194
222041,Hazeldene (L),0.016881506370414
222042,Jeparit (L),0.013632868893389
222043,Katamatite (L),0.016408748062472
222044,Katandra West (L),0.016392008681502
222045,Kialla West (L),0.016398722813388
222046,Kiewa (L),0.017586374347484
222047,Kilcunda (L),0.017809083776578
222048,Learmonth (L),0.015772523026108
222049,Leitchville (L),0.015200864598014
222050,Lindenow (L),0.018849346897737
222051,Linton (L),0.015841244740099
222052,Lismore (L),0.015876122868633
222053,Little River (L),0.016703935234104
222054,Lockington (L),0.015611363928580
222055,Macarthur (L),0.015042471323351
222056,Manangatang (L),0.013560186377677
222057,Marengo (L),0.016694902427604
222058,Marlo (L),0.019728378212831
222059,Marong (L),0.015604148738315
222060,Marysville (L),0.017335186660026
222061,Meeniyan (L),0.018235838844481
222062,Meredith (L),0.016318940455996
222063,Merrigum (L),0.016139516514643
222064,Milawa (L),0.017226559694685
222065,Minyip (L),0.014283501983047
222066,Mount Buller (L),0.017653737631157
222067,Mount Egerton (L),0.016184266790016
222068,Mount Hotham (L),0.018120011525703
222069,Murrayville (L),0.012437216764990
222070,Myrniong (L),0.016358145048591
222071,Nar Nar Goon (L),0.017570849644081
222072,Natimuk (L),0.014036900911914
222073,Newhaven (L),0.017703432184227
222074,Nichols Point (L),0.012523192132907
222075,Nilma (L),0.017932712427906
222076,Nyah (L),0.014021015599219
222077,Nyah West (L),0.014003410712826
222078,Omeo (L),0.018554437852553
222079,Oxley (L),0.017187900655052
222080,Panton Hill (L),0.017033343887054
222081,Penshurst (L),0.015109310692375
222082,Pioneer Bay (L),0.017755548445578
222083,Poowong (L),0.017887440517463
222084,Port Albert (L),0.018803290947344
222085,Port Campbell (L),0.016139349446632
222086,Pyalong (L),0.016409843119786
222087,Pyramid Hill (L),0.015148434519137
222088,Quambatook (L),0.014562316861380
222089,Rawson (L),0.018117975579732
222090,Red Hill South (L),0.017372531343803
222091,Rupanyup (L),0.014434385916607
222092,Sandy Point (L),0.018481703683592
222093,Sawmill Settlement (L),0.017555994627521
222094,Shepparton East (L),0.016430858400628
222095,Shoreham (L),0.017420415600017
222096,Skipton (L),0.015694988113451
222097,Smiths Beach (L),0.017620717986138
222098,Smythesdale (L),0.015896255376314
222099,Snake Valley (L),0.015802330917658
222100,St Andrews (L),0.017038569094685
222101,Stanhope (L),0.016072358231223
222102,Strathmerton (L),0.016151016827134
222103,Sunset Strip (L),0.017620426380075
222104,Talbot (L),0.015572300251808
222105,Tallarook (L),0.016573106048209
222106,Tallygaroopna (L),0.016301060910298
222107,Tangambalanga (L),0.017607639056298
222108,Tawonga (L),0.017953936707476
222109,Toolamba (L),0.016378350827737
222110,Toongabbie (L),0.018364555028838
222111,Toora (L),0.018523323727354
222112,Traralgon South (L),0.018460489334287
222113,Tungamah (L),0.016614191885573
222114,Tyers (L),0.018306419973342
222115,Tylden (L),0.016199435671959
222116,Tynong (L),0.017613483477621
222117,Underbool (L),0.012828269716395
222118,Wandiligong (L),0.017866603865915
222119,Warneet (L),0.017472500783944
222120,Waterford Park (L),0.016678569288713
222121,Willaura (L),0.015168113554723
222122,Willow Grove (L),0.018027317326923
222123,Wimbledon Heights (L),0.017591398604610
222124,Wonga Park - South (L),0.017126974144122
222125,Woolsthorpe (L),0.015439842358710
222126,Woorinen South (L),0.014152707877858
222127,Wunghnu (L),0.016245956553208
301001,Brisbane,0.020628603455177
302001,Gold Coast - Tweed Heads (Gold Coast Part),0.021003929654707
303001,Cairns,0.016378830722264
303002,Sunshine Coast,0.020670346053972
303003,Townsville,0.016031089344098
311001,Mackay,0.017598049000860
311002,Rockhampton,0.018369312270007
311003,Toowoomba,0.019557070852186
312001,Bundaberg,0.019976012737005
312002,Gladstone,0.019010419559950
312003,Hervey Bay,0.020437808267400
312004,Maryborough (Qld),0.020319091822154
312005,Mount Isa,0.009116784307187
313001,Bargara - Innes Park,0.020121018860960
313002,Bongaree - Woorim,0.020769700187031
313003,Dalby,0.018869996744862
313004,Emerald,0.016025671888934
313005,Gympie,0.020265151408090
313006,Nambour,0.020550283061672
313007,Warwick,0.019704050555404
313008,Yeppoon,0.018615063885374
314001,Airlie Beach - Cannonvale,0.017434720180382
314002,Atherton,0.015973105401613
314003,Ayr,0.016491515933468
314004,Beaudesert,0.020651986479010
314005,Biloela,0.018219895604754
314006,Bowen,0.017076853432839
314007,Charters Towers,0.015255841642884
314008,Gatton,0.019901187919592
314009,Goondiwindi,0.018007211999963
314010,Gordonvale,0.016304689431049
314011,Gracemere,0.018286496626158
314012,Highfields,0.019559515914929
314013,Innisfail,0.016276034471587
314014,Kingaroy,0.019429835835707
314015,Mareeba,0.016078570577390
314016,Moranbah,0.016251103748131
314017,Roma,0.016396963631825
314018,Sandstone Point - Ningi,0.020681287485239
314019,Tamborine Mountain,0.020842270458172
314020,Tannum Sands - Boyne Island,0.019087528854367
315001,Alice River,0.015877189228107
315002,Allingham,0.015905406186791
315003,Aurukun,0.016075866891018
315004,Babinda,0.016290737116473
315005,Bamaga,0.018479632824052
315006,Barcaldine,0.013207910875633
315007,Beachmere,0.020651866164308
315008,Beerwah,0.020539808464908
315009,Blackwater,0.016726110113437
315010,Boonah,0.020332619415190
315011,Burnett Heads,0.020067538557470
315012,Burrum Heads,0.020240526048319
315013,Calliope,0.018951785483412
315014,Cardwell,0.015884387633597
315015,Cedar Grove,0.020627016422434
315016,Cedar Vale,0.020646646086239
315017,Charleville,0.013839772648487
315018,Cherbourg,0.019529101406529
315019,Childers,0.019905926461006
315020,Chinchilla,0.018227069296068
315021,Clermont,0.015654692240693
315022,Clifton,0.019558181977609
315023,Cloncurry,0.009930734848475
315024,Collinsville,0.016521380188285
315025,Cooktown,0.016885353289703
315026,Cooloola Village,0.020582617089003
315027,Cooroy,0.020500957088184
315028,Crows Nest,0.019664306289528
315029,Cunnamulla,0.013382779872535
315030,Dayboro,0.020425428102689
315031,Doomadgee,0.010652038724250
315032,Doonan - Tinbeerwah,0.020596583635947
315033,Dysart,0.016394561683592
315034,Emu Park,0.018663358452053
315035,Esk,0.020022981673714
315036,Fernvale,0.020275460823969
315037,Gayndah,0.019222349997574
315038,Glass House Mountains,0.020560641976494
315039,Gununa,0.011896775059491
315040,Hamilton Island,0.017637235618582
315041,Hay Point,0.017633092653384
315042,Home Hill,0.016467028487409
315043,Howard,0.020184537331349
315044,Ingham,0.015800397382953
315045,Jacobs Well,0.021005619485532
315046,Jimboomba,0.020669073450163
315047,Jimboomba - West,0.020600200198333
315048,Kensington Grove - Regency Downs,0.020082419848356
315049,Kilcoy,0.020160774383809
315050,Kingsthorpe,0.019442542530148
315051,Kowanyama,0.014395880216988
315052,Kuranda,0.016346511366666
315053,Laidley,0.020026029410968
315054,Landsborough,0.020562642566767
315055,Longreach,0.012239638769491
315056,Lowood,0.020184399261973
315057,Macleay Island,0.020985085309072
315058,Malanda,0.016022563840919
315059,Maleny,0.020442227829482
315060,Marian,0.017371838269404
315061,Meringandan West,0.019500426989599
315062,Middlemount,0.016691768583336
315063,Miles,0.017783334479474
315064,Millmerran,0.018911385648904
315065,Mirani,0.017286977484631
315066,Monto,0.018778304833482
315067,Mooloolah,0.020556110135324
315068,Moore Park,0.019929691455065
315069,Mossman,0.016359064317541
315070,Mount Cotton,0.020876013741946
315071,Mount Morgan,0.018202469951992
315072,Moura,0.017669154138885
315073,Mundubbera,0.018912531607367
315074,Murgon,0.019535487751963
315075,Nanango,0.019574918943945
315076,Nelly Bay,0.016174122187860
315077,Oakey,0.019368961342534
315078,Palm Island,0.016164290562719
315079,Palmwoods,0.020550697141255
315080,Pittsworth,0.019265907319715
315081,Pomona,0.020451850365919
315082,Port Douglas - Craiglie,0.016405369596282
315083,Proserpine,0.017262432711279
315084,Rainbow Beach,0.020669001566014
315085,Rangewood,0.015917462381631
315086,River Heads,0.020527703147436
315087,Rosewood,0.020218907858498
315088,Russell Island,0.021010914208013
315089,Samford Valley - Highvale,0.020454130182319
315090,Sarina,0.017545887455138
315091,St George,0.016261587900692
315092,Stanthorpe,0.019657952298621
315093,Thursday Island,0.018652130764492
315094,Tieri,0.016300409680751
315095,Tin Can Bay,0.020598198854072
315096,Toogoom,0.020318762575395
315097,Tully,0.015975325109769
315098,Walkerston,0.017465875245701
315099,Walloon,0.020298158655296
315100,Weipa,0.016726897531964
315101,Westbrook,0.019500364925078
315102,Wondai,0.019459239329959
315103,Wongaling Beach,0.016129143442690
315104,Woodford,0.020374033275601
315105,Wyreema,0.019491118923192
315106,Yandina,0.020543784847365
315107,Yarrabah,0.016468558121347
321001,Agnes Water (L),0.019621825213629
321002,Aldershot (L),0.020279187489750
321003,Allora (L),0.019639879936561
321004,Apple Tree Creek (L),0.019863199940805
321005,Aratula (L),0.020186273655665
321006,Armstrong Beach (L),0.017602560046456
321007,Badu Island (L),0.019008450565468
321008,Beechmont (L),0.020862571581966
321009,Belvedere (L),0.016249288939581
321010,Benaraby (L),0.019075953630336
321011,Biggenden (L),0.019662008083293
321012,Black Mountain (L),0.020472613580197
321013,Black River (L),0.015935076796847
321014,Blackall (L),0.013206014876936
321015,Blackbutt (L),0.019701659474965
321016,Blue Mountain Heights (L),0.019578236582346
321017,Bluewater (L),0.015914646227166
321018,Bluewater Park (L),0.015853716369572
321019,Booral (L),0.020523885030272
321020,Bouldercombe (L),0.018288733894234
321021,Boyland (L),0.020812986491720
321022,Brandon (L),0.016458233308327
321023,Cambooya (L),0.019497317954731
321024,Campwin Beach (L),0.017647091625044
321025,Canungra (L),0.020813992266030
321026,Capella (L),0.015972159402627
321027,Coochiemudlo Island (L),0.020953409919676
321028,Coominya (L),0.020116412814841
321029,Cooran (L),0.020409668552502
321030,Cooroibah (L),0.020591054121555
321031,Cooya Beach (L),0.016396406518077
321032,Curra (L),0.020170298590247
321033,D'Aguilar (L),0.020401321720900
321034,Deebing Heights (L),0.020386029802469
321035,Delaneys Creek (L),0.020395688716565
321036,Dunwich (L),0.021027157606879
321037,Elliott Heads (L),0.020139800050084
321038,Eumundi (L),0.020539465132812
321039,Flaxton (L),0.020457752167570
321040,Forest Acres (L),0.020532486177731
321041,Gin Gin (L),0.019605067619588
321042,Glendale (L),0.018347568189476
321043,Glenden (L),0.016513846456138
321044,Gleneagle (L),0.020638823531571
321045,Glenore Grove (L),0.020035980555878
321046,Glenview (L),0.020616686117832
321047,Glenwood (L),0.020233561410338
321048,Goldsborough (L),0.016263094780177
321049,Gooburrum (L),0.020004149604613
321050,Goombungee (L),0.019463410176691
321051,Gowrie Junction (L),0.019514358083488
321052,Helidon (L),0.019750012585357
321053,Herberton (L),0.015827832423805
321054,Hope Vale (L),0.016899378037920
321055,Horn Island (L),0.018661208982308
321056,Horseshoe Bay (L),0.016200171043018
321057,Hughenden (L),0.013069012859129
321058,Inglewood (L) (Qld),0.018780701430231
321059,Jandowae (L),0.018705516156971
321060,Kalbar (L),0.020277342627000
321061,Karumba (L),0.012315459994988
321062,Kiels Mountain (L),0.020598170407026
321063,Killarney (L),0.019977178303547
321064,Kinka Beach (L),0.018658754095522
321065,Kooralbyn (L),0.020507449935640
321066,Kureelpa (L),0.020484145636750
321067,Kurrimine Beach (L),0.016204274681617
321068,Laidley Heights (L),0.019998510848516
321069,Logan Village (L),0.020750989057963
321070,Lower Beechmont (L),0.020905509650320
321071,Mapleton (L),0.020456817991377
321072,Marburg (L),0.020221471080092
321073,Mareeba - South (L),0.016048960537615
321074,Maudsland (L),0.020922720355956
321075,Minden Village (L),0.020184627633634
321076,Mission Beach (L),0.016155838760503
321077,Mitchell (L),0.015562889097757
321078,Mount Nathan (L),0.020915528127554
321079,Mulambin (L),0.018665639667905
321080,Mundoolun (L),0.020717114673667
321081,Napranum (L),0.016710503765423
321082,Nome (L),0.016132736985273
321083,Normanton (L),0.012318473063310
321084,Oakhurst (L),0.020238354365538
321085,Pacific Haven (L),0.020178903262923
321086,Pie Creek (L),0.020218783722329
321087,Plainland (L),0.020045228187244
321088,Point Lookout (L),0.021145614852963
321089,Pormpuraaw (L),0.014778329140714
321090,Prince Henry Heights (L),0.019614986734413
321091,Quilpie (L),0.011851735062466
321092,Ravenshoe (L),0.015780855478873
321093,Richmond (L) (Qld),0.012152640867286
321094,Ripley (L),0.020415545572865
321095,Rubyvale (L),0.015581052507271
321096,Samford Village (L),0.020497877089366
321097,Sapphire (L),0.015588912926610
321098,Seaforth (L),0.017450917483043
321099,Sharon (L),0.019916642048884
321100,Sloping Hummock (L),0.020081323267142
321101,South Mission Beach (L),0.016109443628153
321102,Springsure (L),0.015850227118996
321103,Sunshine Acres (L),0.020408980526333
321104,Tara (L),0.018069718314229
321105,Taroom (L),0.017412970214387
321106,Texas (L),0.018923160272477
321107,Thagoona (L),0.020254437921618
321108,The Palms (L),0.020183740088529
321109,Tolga (L),0.015997622919141
321110,Tolga - West (L),0.015983376676119
321111,Toogoolawah (L),0.019975867029106
321112,Toorbul (L),0.020703711523322
321113,Wallangarra (L),0.019663284219503
321114,Wangan (L),0.016237300799182
321115,Winton (L),0.011382650157185
321116,Withcott (L),0.019643866060076
321117,Witta (L),0.020411606718677
321118,Wonga Beach (L),0.016461234033136
321119,Woodgate (L),0.020200505213676
321120,Woorabinda (L),0.017193876640234
321121,Yabulu (L),0.015922667018801
321122,Yarraman (L),0.019581502304403
321123,Yungaburra (L),0.016059017947681
322001,Alligator Creek (L),0.016139545119576
322002,Alpha (L),0.014504263646185
322003,Alva Beach (L),0.016611255566575
322004,Amity Point (L),0.021057926636602
322005,Aramac (L),0.013295704137014
322006,Arcadia Bay (L),0.016193577916988
322007,Augathella (L),0.014192327427212
322008,Bakers Creek (L),0.017543195152620
322009,Balgal Beach (L),0.015844331945453
322010,Baralaba (L),0.017554023340088
322011,Bauple Forest (L),0.020237705818593
322012,Beerburrum (L),0.020554350367152
322013,Beerburrum - North (L),0.020555005094055
322014,Bell (L),0.019048800255920
322015,Bingil Bay (L),0.016169167580026
322016,Bluff (L),0.016906706012433
322017,Boigu Island (L),0.019779363554043
322018,Boonooroo - Tuan (L),0.020492173494429
322019,Boreen Point (L),0.020586448095053
322020,Boulia (L),0.008291489634342
322021,Brightview (L),0.020113087920702
322022,Burketown (L),0.011243817660979
322023,Burrum Heads - East (L),0.020262464832200
322024,Burrum Heads - South (L),0.020220375320410
322025,Cabbage Tree Point (L),0.020988029083282
322026,Carmoo (L),0.016067077793480
322027,Cecil Plains (L),0.018817256522321
322028,Coconuts (L),0.016308763629328
322029,Coen (L),0.016509518319000
322030,Cordalba (L),0.019845758256260
322031,Cungulla (L),0.016305090136845
322032,Dimbulah (L),0.015735559946494
322033,Dirranbandi (L),0.015958726824791
322034,Donnybrook (L),0.020669288982444
322035,Duaringa (L),0.017478146774843
322036,Eidsvold (L),0.018744926628900
322037,El Arish (L),0.016107240469921
322038,Erakala (L),0.017526006616477
322039,Erub (Darnley) Island (L),0.020326941778043
322040,Eton (L),0.017363513827544
322041,Farleigh (L),0.017527832985315
322042,Finch Hatton (L),0.017071499274069
322043,Flying Fish Point (L),0.016336053532763
322044,Forest Hill (L),0.019980632919018
322045,Georgetown (L),0.013800996206135
322046,Giru (L),0.016249038920293
322047,Goomeri (L),0.019664066180252
322048,Gowrie Mountain (L),0.019443872531599
322049,Grasstree Beach (L),0.017645493358553
322050,Greenmount (L),0.019543648941480
322051,Haliday Bay - Ball Bay (L),0.017480612968183
322052,Halifax (L),0.015950285365317
322053,Hammond Island (L),0.018669742918723
322054,Harrisville (L),0.020308079734233
322055,Hideaway Bay - Dingo Beach (L),0.017298026688473
322056,Iama (Yam) Island (L),0.019520770092518
322057,Imbil (L),0.020268234063790
322058,Injinoo (L),0.018437763108408
322059,Injune (L),0.016165178392288
322060,Julia Creek (L),0.010984491740856
322061,Kalamia Estate (L),0.016526453325233
322062,Kenilworth (L),0.020316342474532
322063,Keppel Sands (L),0.018646274944051
322064,Kilkivan (L),0.019837535780737
322065,Lamb Island (L),0.021006049191924
322066,Lockhart River (L),0.017493636079031
322067,Lockrose (L),0.020078635066873
322068,Lucinda (L),0.016013649348637
322069,Maaroom (L),0.020481096756541
322070,Mabuiag Island (L),0.019166189062063
322071,Mapoon (L),0.017271955246209
322072,Mer (Murray) Island (L),0.020208144504093
322073,Merinda (L),0.017016224352230
322074,Meringandan (L),0.019531947514344
322075,Midge Point (L),0.017313876179566
322076,Millaa Millaa (L),0.015939844121927
322077,Miriam Vale (L),0.019260432449010
322078,Mirriwinni (L),0.016249992980215
322079,Mount Garnet (L),0.015439751338923
322080,Mount Julian (L),0.017299742622615
322081,Mount Larcom (L),0.018755244346035
322082,Mount Nebo (L),0.020395411973292
322083,Mount Perry (L),0.019278777904366
322084,Mourilyan (L),0.016257363340689
322085,Murphys Creek (L),0.019667533324301
322086,Nahrunda (L),0.020204748400299
322087,Nebo (L),0.016962606302727
322088,New Mapoon (L),0.018491879487244
322089,Newell (L),0.016411140406040
322090,Oak Beach (L),0.016395251338609
322091,Oakwood (L),0.019951826443510
322092,Peachester (L),0.020482890020399
322093,Peak Crossing (L),0.020363117960504
322094,Picnic Bay (L),0.016158696479681
322095,Placid Hills (L),0.019874539122376
322096,Poona (L),0.020514912181706
322097,Proston (L),0.019192023037094
322098,Saibai Island (L),0.019906516952302
322099,Sarina Beach (L),0.017644861565028
322100,Saunders Beach (L),0.015959381564218
322101,Scottville (L),0.016490877035621
322102,Seisia (L),0.018502283884146
322103,South Bingera (L),0.019867067472358
322104,South Johnstone (L),0.016207656587916
322105,Southbrook (L),0.019346291335752
322106,Springbrook (L),0.020929944411393
322107,St Pauls (L),0.019041362673153
322108,Surat (L),0.016671354409633
322109,Tambo (L),0.013933231230159
322110,Tamborine (L),0.020757186099731
322111,Tarzali (L),0.015988057333501
322112,Taylors Beach (L),0.015963882409378
322113,Thangool (L),0.018273581330957
322114,Thargomindah (L),0.011513999822927
322115,The Caves (L),0.018349581452819
322116,Theodore (L),0.017732230038413
322117,Tiaro (L),0.020187525860881
322118,Tinaroo (L),0.016070908406649
322119,Toolakea (L),0.015944800067161
322120,Torbanlea (L),0.020218001431647
322121,Trebonne (L),0.015747235012105
322122,Tully Heads (L),0.016045354928125
322123,Umagico (L),0.018458972605900
322124,Walkamin (L),0.016006430189915
322125,Walligan (L),0.020388576102186
322126,Wallumbilla (L),0.016779406056485
322127,Wandoan (L),0.017561092117947
322128,Warraber Island (L),0.019292365302145
322129,Weyba Downs (L),0.020639704149949
322130,Wujal Wujal (L),0.016637642721803
322131,Wurdong Heights (L),0.019054945324916
322132,Yangan (L),0.019885348918555
322133,Yelarbon (L),0.018469488932204
322134,Yorke Island (L),0.019990626376312
322135,Yuleba (L),0.016970417065604
322136,Camooweal (L),0.008671582225441
322137,Chillagoe (L),0.015266083651114
322138,Daintree (L),0.016452655307234
322139,Grantham (L),0.019823071947846
322140,Seventeen Seventy (L),0.019609737975732
322141,Willows Gemfields (L),0.015371795247102
401001,Adelaide,0.010489231762741
412001,Gawler,0.010322053339242
412002,Mount Gambier,0.014132814010593
412003,Victor Harbor - Goolwa,0.011021621139017
412004,Whyalla,0.008339392257425
413001,Crafers - Bridgewater,0.010646867825136
413002,Mount Barker (SA),0.010784966379968
413003,Murray Bridge,0.011076390819383
413004,Port Augusta,0.008067967329252
413005,Port Lincoln,0.008976740714601
413006,Port Pirie,0.008775849981764
414001,Nuriootpa,0.010381510635321
414002,Strathalbyn,0.010949911948243
415001,Angaston,0.010442854974732
415002,Angle Vale,0.010302730598848
415003,Balaklava,0.009774482932904
415004,Balhannah,0.010694127971302
415005,Barmera,0.011222344700549
415006,Berri,0.011342052738454
415007,Bordertown,0.012935405398976
415008,Ceduna,0.005833018703450
415009,Clare,0.009656736258478
415010,Coober Pedy,0.003493634311973
415011,Crystal Brook,0.009022305937926
415012,Freeling,0.010258286613497
415013,Hahndorf,0.010708520441297
415014,Jamestown,0.009174867405361
415015,Kadina,0.009202082993690
415016,Kapunda,0.010232563133406
415017,Kingscote,0.010591723030891
415018,Kingston SE,0.012783170888446
415019,Lewiston,0.010247725611257
415020,Lobethal,0.010651134345193
415021,Loxton,0.011439194997801
415022,Lyndoch,0.010415606767991
415023,Maitland (SA),0.009520912901274
415024,Mannum,0.010920387637145
415025,McLaren Flat,0.010725502159259
415026,McLaren Vale,0.010707904130428
415027,Millicent,0.013684615680705
415028,Moonta,0.009214299979752
415029,Mount Compass,0.010857581720936
415030,Nairne,0.010775490745059
415031,Naracoorte,0.013418020973486
415032,Normanville,0.010773346242004
415033,Penola,0.013805020758497
415034,Peterborough,0.009165654277994
415035,Quorn,0.008162841840646
415036,Renmark,0.011374514161706
415037,Robe,0.013011683390270
415038,Roxby Downs,0.006077271096401
415039,Streaky Bay,0.006607319106144
415040,Tailem Bend,0.011286871603439
415041,Tanunda,0.010409844185065
415042,Tumby Bay,0.008757017415704
415043,Two Wells,0.010213305313673
415044,Waikerie,0.010832468429513
415045,Wallaroo,0.009138470782373
415046,Williamstown,0.010469258277411
415047,Willunga,0.010759184340186
415048,Woodside,0.010690583221416
421001,Andamooka Opal Fields (L),0.006222015206804
421002,Ardrossan (L),0.009698774616901
421003,Birdwood (L),0.010635646048157
421004,Burra (L),0.009739888477350
421005,Cleve (L),0.008332218704019
421006,Cockatoo Valley (L),0.010397768233944
421007,Coffin Bay (L),0.008736489159878
421008,Cowell (L),0.008530738572589
421009,Cummins (L),0.008501766548117
421010,Echunga (L),0.010756101612021
421011,Eudunda (L),0.010216997658908
421012,Gladstone (L),0.009055028336489
421013,Greenock (L),0.010332367462676
421014,Gumeracha (L),0.010594604017785
421015,Hamley Bridge (L),0.010101170480736
421016,Houghton (L),0.010522536180863
421017,Kanmantoo (L),0.010869047287493
421018,Keith (L),0.012508606434055
421019,Kimba (L),0.007800734997556
421020,Lameroo (L),0.012028370274243
421021,Leigh Creek (L),0.007295042206815
421022,Macclesfield (L),0.010843446145273
421023,Mallala (L),0.010054709106165
421024,Meadows (L),0.010804781482872
421025,Meningie (L),0.011557802324148
421026,Milang (L),0.011107676608792
421027,Minlaton (L),0.009812111050046
421028,Mount Pleasant (L),0.010655331626536
421029,Nangwarry (L),0.013926871524237
421030,One Tree Hill (L),0.010435896452789
421031,Orroroo (L),0.008838728881507
421032,Paringa (L),0.011402972494339
421033,Pinnaroo (L),0.012250505423557
421034,Port Broughton (L),0.009044670016896
421035,Port MacDonnell (L),0.014262710864629
421036,Port Wakefield (L),0.009642427026046
421037,Pukatja (Ernabella) (L),0.000315319022108
421038,Riverton (L),0.009986347085996
421039,Roseworthy (L),0.010282351537738
421040,Stansbury (L),0.010036799333053
421041,Uraidla - Summertown (L),0.010617018642692
421042,Virginia (L),0.010273321187697
421043,Wudinna (L),0.007276621750529
421044,Yankalilla (L),0.010793432922827
421045,Yorketown (L),0.010029704822711
422001,Aldinga (L),0.010717979181023
422002,Allendale East (L),0.014232089158136
422003,Amata (L),0.001294466917910
422004,American River (L),0.010769042007456
422005,Arno Bay (L),0.008550258515405
422006,Auburn (L),0.009846989878224
422007,Beachport (L),0.013403824813167
422008,Blanchetown (L),0.010704876947335
422009,Blyth (L),0.009581695019551
422010,Booleroo Centre (L),0.008765280171783
422011,Boston (L),0.008928346154272
422012,Bute (L),0.009298506724324
422013,Callington (L),0.010923185652751
422014,Carrickalinga (L),0.010758930351708
422015,Charleston (L),0.010678286082588
422016,Clarendon (L),0.010670597073438
422017,Clayton Bay (L),0.011149335776216
422018,Cobdogla (L),0.011170929364662
422019,Coobowie (L),0.010117560630510
422020,Coonalpyn (L),0.011880225498702
422021,Edithburgh (L),0.010151128838621
422022,Elliston (L),0.007624258627369
422023,Hawker (L),0.008112452022065
422024,Indulkana (L),0.001041788626252
422025,Kalangadoo (L),0.013872749817540
422026,Karoonda (L),0.011444679587325
422027,Kersbrook (L),0.010542114310513
422028,Laura (L),0.008955173867347
422029,Lucindale (L),0.013201892481233
422030,Mimili (L),0.000656455118642
422031,Morgan (L),0.010506451149405
422032,Mount Burr (L),0.013710728255606
422033,Mount Torrens (L),0.010678878132519
422034,Mullaquana (L),0.008377213517943
422035,Mundulla (L),0.012929367706661
422036,Myponga (L),0.010808368630210
422037,Napperby (L),0.008812525765739
422038,Owen (L),0.009948516156072
422039,Penneshaw (L),0.010811724040809
422040,Point Turton (L),0.009834581379746
422041,Port Germein (L),0.008638457052265
422042,Port Victoria (L),0.009526001779058
422043,Port Vincent (L),0.009957851479617
422044,Saddleworth (L),0.009953608917137
422045,Snowtown (L),0.009360988287439
422046,Southend (L),0.013541308080735
422047,Spalding (L),0.009397039603219
422048,Springton (L),0.010628458345088
422049,Swan Reach (L),0.010854889329404
422050,Tantanoola (L),0.013835283415579
422051,Tarpeena (L),0.013977571346865
422052,Tintinara (L),0.012153145721006
422053,Truro (L),0.010427872944032
422054,Warooka (L),0.009903148481538
422055,Wasleys (L),0.010191539828611
422056,Willyaroo (L),0.010979449404325
422057,Wilmington (L),0.008427343767287
422058,Wirrabara (L),0.008822802426781
422059,Woomera (L),0.006463961163855
422060,Yahl (L),0.014200342202444
422061,Yalata (L),0.005072434013853
501001,Perth (WA),0.017454338972657
511001,Bunbury,0.018098603040472
512001,Albany,0.016857338947209
512002,Busselton,0.018525412632942
512003,Ellenbrook,0.017264037144350
512004,Geraldton,0.017912449283837
512005,Kalgoorlie - Boulder,0.011767676955409
513001,Baldivis,0.017612115910925
513002,Broome,0.013263358472724
513003,Karratha,0.016599238354976
513004,Port Hedland,0.015065241964654
514001,Collie,0.017655061923089
514002,Esperance,0.012858931400301
514003,Margaret River,0.018891824068139
514004,Newman,0.013038462540809
514005,Northam,0.016582181323661
515001,Binningup,0.018015639029578
515002,Bridgetown,0.017920489187052
515003,Bullsbrook,0.017194821319210
515004,Capel,0.018283016908343
515005,Carnarvon,0.018808192567950
515006,Dampier,0.016674639758777
515007,Denmark,0.017298210133003
515008,Derby,0.012629925238844
515009,Donnybrook,0.018057328837146
515010,Drummond Cove,0.017931574594206
515011,Dunsborough,0.018735009014595
515012,Exmouth,0.018824854938456
515013,Fitzroy Crossing,0.010716959736289
515014,Harvey,0.017789243931499
515015,Jurien,0.017784730513295
515016,Kalbarri,0.018281332520991
515017,Kambalda West,0.011792364389856
515018,Katanning,0.016527845709405
515019,Kununurra,0.011280734935682
515020,Manjimup,0.018031693206142
515021,Merredin,0.015013089001097
515022,Moora,0.016937465524838
515023,Mount Barker (WA),0.016862898021849
515024,Narrogin,0.016562171329536
515025,Paraburdoo,0.015093477892253
515026,Pinjarra,0.017652794366821
515027,Port Denison - Dongara,0.017702475613792
515028,Tom Price,0.015091538799765
515029,Two Rocks,0.017559699679933
515030,Wagin,0.016550637331476
515031,Waroona,0.017678955670073
515032,Wickham,0.016320918107079
515033,Yanchep,0.017525173892471
515034,York,0.016547110819540
521001,Allanson (L),0.017712676147106
521002,Augusta (L),0.018970400472837
521003,Bakers Hill (L),0.016814558380824
521004,Balgo (L),0.007695968473322
521005,Beverley (L),0.016482600122936
521006,Bidyadanga (Lagrange) (L),0.013149924840361
521007,Boddington - Ranford (L),0.017151546570150
521008,Boyanup (L),0.018105589842796
521009,Boyup Brook (L),0.017643479875870
521010,Brookton (L),0.016498324205673
521011,Bruce Rock (L),0.015259637676539
521012,Brunswick (L),0.017918100107835
521013,Burekup (L),0.017959370898236
521014,Cardup (L),0.017420257726912
521015,Chidlow (L),0.017022653125119
521016,Coolgardie (L),0.012118358264305
521017,Corrigin (L),0.015678600247654
521018,Cowaramup (L),0.018829059626140
521019,Cunderdin (L),0.016040196740101
521020,Dalwallinu (L),0.016208505043753
521021,Denham (L),0.018879186020985
521022,Gabbadah (L),0.017583847916149
521023,Gingin (L),0.017210137105879
521024,Gnarabup - Prevelly (L),0.018975725912958
521025,Gnowangerup (L),0.016238162543692
521026,Goomalling (L),0.016317787568379
521027,Halls Creek (L),0.009482544619505
521028,Hopetoun (L) (WA),0.014394362200991
521029,Jarrahdale (L),0.017384036791717
521030,Kambalda East (L),0.011759590500253
521031,Kellerberrin (L),0.015579903932634
521032,Kojonup (L),0.016950971099683
521033,Lancelin (L),0.017667121153526
521034,Leinster (L),0.011801394362876
521035,Leonora (L),0.011351911677874
521036,Little Grove (L),0.016900805202873
521037,Lower Chittering Valley (L),0.017125479702237
521038,Meekatharra (L),0.013911263852887
521039,Morawa (L),0.016623784555769
521040,Mount Magnet (L),0.014645620562070
521041,Muchea (L),0.017223879975056
521042,Mundijong (L),0.017438000617271
521043,Norseman (L),0.012088507324145
521044,Northampton (L),0.017875016894677
521045,Ocean Beach (L),0.017335007952267
521046,Onslow (L),0.017943850818393
521047,Pannawonica (L),0.016775149663769
521048,Pemberton (L),0.018223851777749
521049,Pingelly (L),0.016487280080877
521050,Quairading (L),0.016007372595316
521051,Roebourne (L),0.016282476964849
521052,Serpentine (L),0.017474322225086
521053,Southern Cross (L),0.013928440451884
521054,Toodyay (L),0.016747167217892
521055,Wongan Hills (L),0.016305594410956
521056,Woodridge Estate (L),0.017508968355038
521057,Wundowie (L),0.016883095304494
521058,Wyndham (L),0.011764335115266
522001,Balingup (L),0.017986921333451
522002,Bardi (One Arm Point) (L),0.013689785127524
522003,Bayulu (L),0.010616969162161
522004,Beagle Bay (L),0.013568602130938
522005,Bickley (L),0.017238802199910
522006,Bremer Bay (L),0.015260287210875
522007,Broomehill Village (L),0.016521876136430
522008,Bullsbrook - West (L),0.017219899083658
522009,Cape Burney (L),0.017923511077576
522010,Carmel (L),0.017239182955217
522011,Carnamah (L),0.016841260501735
522012,Cervantes (L),0.017800003851153
522013,Cookernup (L),0.017770891866279
522014,Coral Bay (L),0.018923109025149
522015,Cranbrook (L),0.016801318348677
522016,Cuballing (L),0.016509051098807
522017,Cue (L),0.014542693984818
522018,Dardanup (L),0.018045661123234
522019,Darkan (L),0.017124639753040
522020,Djarindjin - Lombadina (L),0.013744146923880
522021,Dowerin (L),0.016086789318930
522022,Dwellingup (L),0.017510601080269
522023,Green Head (L),0.017801479216656
522024,Greenbushes (L),0.017949578212679
522025,Herne Hill (L),0.017249508303758
522026,Hilbert (L),0.017396197755884
522027,Jerramungup (L),0.015440581985746
522028,Jigalong (L),0.012028845816886
522029,Kalumburu (L),0.013446102504899
522030,Kendenup (L),0.016834509129222
522031,Kiwirrkurra (L),0.005888734342710
522032,Kondinin (L),0.015379239709376
522033,Koorda (L),0.015555193014550
522034,Kulin (L),0.015547492808465
522035,Lake Grace (L),0.015452655229374
522036,Laverton (L),0.010224066863828
522037,Leeman (L),0.017771819320713
522038,Looma (L),0.011792613375137
522039,Marble Bar (L),0.013716738598331
522040,Mindibungu (L),0.008364118737798
522041,Mingenew (L),0.017182405323941
522042,Mukinbudin (L),0.014889465813983
522043,Mullewa (L),0.017026015364869
522044,Nannup (L),0.018274287330702
522045,Narembeen (L),0.015098938702857
522046,North Dandalup (L),0.017527943866532
522047,Peppermint Grove Beach (L),0.018323533210986
522048,Point Samson (L),0.016284654062041
522049,Ravensthorpe (L),0.014269001346362
522050,Tambellup (L),0.016615099594678
522051,Three Springs (L),0.016929622128087
522052,Tjuntjuntjara (L),0.006048796975319
522053,Upper Swan (L),0.017226995293823
522054,Walpole (L),0.017854132630176
522055,Warburton (L),0.005827729233160
522056,Warmun (L),0.010302595266152
522057,West Swan (L),0.017286887398123
522058,Wickepin (L),0.016198714274620
522059,Williams (L),0.016862342089123
522060,Wiluna (L),0.012189654183019
522061,Wooroloo (L),0.016963707474621
522062,Wyalkatchem (L),0.015754189259126
522063,Yarloop (L),0.017738048426207
522064,Yungngora (L),0.010976538884908
522065,Nullagine (L),0.013115629248002
522066,Papulankutja (L),0.004152513180895
522067,Rottnest Island (L),0.017787831882808
603001,Hobart,0.022169749367836
611001,Launceston,0.021021874401428
612001,Devonport,0.020298170916148
613001,Burnie - Somerset,0.019893944062868
613002,Ulverstone,0.020158048146425
614001,New Norfolk,0.021947214891508
614002,Wynyard,0.019725289720388
615001,Beaconsfield,0.020625041907955
615002,Beauty Point,0.020595362106868
615003,Bridport,0.020889235741487
615004,Deloraine,0.020750266073850
615005,Dodges Ferry - Lewisham,0.022384308165298
615006,Evandale,0.021192973073369
615007,George Town,0.020590384858998
615008,Hadspen,0.021018290690065
615009,Huonville,0.022122513293099
615010,Latrobe,0.020376918707199
615011,Legana,0.020913213648975
615012,Longford,0.021126817325503
615013,Margate,0.022272424091308
615014,Midway Point,0.022272945876682
615015,Penguin,0.020052972801720
615016,Perth (Tas.),0.021139742260944
615017,Port Sorell,0.020393738912853
615018,Queenstown,0.020432864638308
615019,Scottsdale,0.021088680832955
615020,Sheffield,0.020424918389816
615021,Smithton,0.019215606715588
615022,Sorell,0.022283008349092
615023,St Helens,0.021749782167880
615024,Westbury,0.020878913339557
621001,Bicheno (L),0.022146016715625
621002,Campbell Town (L),0.021619888291231
621003,Clifton Beach (L),0.022409233609100
621004,Cressy (L),0.021158286528706
621005,Currie (L),0.017685842858865
621006,Cygnet (L),0.022242827118012
621007,Fern Tree (L),0.022196388998504
621008,Geeveston (L),0.022147217487346
621009,Gravelly Beach (L),0.020788032797048
621010,Grindelwald (L),0.020866387471306
621011,Howden (L),0.022285141014929
621012,Lanena - Blackwall (L),0.020810898476644
621013,Lower Snug - Coningham (L),0.022305255625962
621014,Oatlands (L),0.021804698563669
621015,Orford (L),0.022345091242658
621016,Primrose Sands (L),0.022435447952391
621017,Railton (L),0.020459021547192
621018,Ranelagh (L),0.022103117070576
621019,Richmond (L) (Tas.),0.022168362450686
621020,Rosebery (L),0.020190795703461
621021,Scamander (L),0.021834797375784
621022,Snug (L),0.022290176087384
621023,South Arm (L),0.022368869461785
621024,St Marys (L),0.021869299113131
621025,Stieglitz (L),0.021772226495884
621026,Strahan (L),0.020342084582119
621027,Sulphur Creek (L),0.020003888973171
621028,Swansea (L),0.022171693038843
621029,Triabunna (L),0.022328495150110
621030,Zeehan (L),0.020142816525702
622001,Bagdad (L),0.021919989173434
622002,Binalong Bay (L),0.021730024036679
622003,Bothwell (L),0.021623659753307
622004,Bracknell (L),0.021032319591319
622005,Branxholm (L),0.021260586231813
622006,Campania (L),0.022104000817915
622007,Carrick (L),0.020999665450331
622008,Collinsvale (L),0.022081526337459
622009,Cremorne (L),0.022392603582427
622010,Dilston (L),0.020885806586682
622011,Dover (L),0.022313208643865
622012,Dunalley (L),0.022532993949317
622013,Eaglehawk Neck (L),0.022704321531517
622014,Electrona (L),0.022281677633148
622015,Exeter (L) (Tas.),0.020792120674147
622016,Fingal (L),0.021761436916405
622017,Forth (L),0.020226095449372
622018,Franklin (L),0.022144875712461
622019,Gawler (L),0.020166823551183
622020,Heybridge (L),0.019969981734360
622021,Hillwood (L),0.020779180901269
622022,Kempton (L),0.021855802686007
622023,Kettering (L),0.022324516840646
622024,Lilydale (L),0.020945693363744
622025,Low Head (L),0.020520932702823
622026,Maydena (L),0.021640720489257
622027,Mole Creek (L),0.020603650696604
622028,Nubeena (L),0.022643737009962
622029,Opossum Bay (L),0.022334782804896
622030,Ridgley (L),0.019913809033264
622031,Ringarooma (L),0.021308271696090
622032,Ross (L),0.021698033570970
622033,Sisters Beach (L),0.019552855713492
622034,Stanley (L),0.019266557113273
622035,Swan Point (L),0.020773422240113
622036,Waratah (L),0.019941343982178
622037,White Beach (L),0.022644739165651
622038,Tullah (L),0.020212732028888
703001,Darwin,0.014081288527750
712001,Alice Springs,0.003090846836205
714001,Katherine,0.011978554016617
715001,Galiwinku,0.014760241809904
715002,Gunbalanya (Oenpelli),0.014135758303005
715003,Maningrida,0.014500607636339
715004,Milingimbi,0.014556902687833
715005,Ngukurr,0.011939654694045
715006,Nhulunbuy,0.014914346193471
715007,Tennant Creek,0.007015986700389
715008,Wadeye,0.012535206974199
715009,Wurrumiyanga (Nguiu),0.014791377363480
721001,Ali Curung (L),0.005750535876920
721002,Alyangula (L),0.013216124289860
721003,Angurugu (L),0.013102989034048
721004,Borroloola (L),0.011080468467530
721005,Daguragu - Kalkarindji (L),0.009160062846712
721006,Gapuwiyak (L),0.014341679830773
721007,Hermannsburg (L),0.002533293187903
721008,Howard Springs (L),0.014018057681776
721009,Humpty Doo (L),0.013926161803622
721010,Jabiru (L),0.013778581614471
721011,Lajamanu (L),0.008299272701577
721012,Numbulwar (L),0.012612558793592
721013,Ramingining (L),0.014335299276934
721014,Santa Teresa (Ltyentye Purte) (L),0.003042391160000
721015,Wugular (Beswick) (L),0.011904372134034
721016,Yirrkala (L),0.014882850992564
721017,Yuendumu (L),0.004230383840297
721018,Yulara (L),0.001894741250403
722001,Adelaide River (L),0.013268524297197
722002,Alpurrurulam (L),0.007700046635527
722003,Amoonguna (L),0.003076416930995
722004,Ampilatwatja (L),0.005557614143757
722005,Areyonga (L),0.002360135846951
722006,Barunga (L),0.011923578168554
722007,Batchelor (L),0.013458869010328
722008,Binjari (L),0.011893330520262
722009,Bulman - Weemol (L),0.012923396748853
722010,Canteen Creek (L),0.006615033296639
722011,Elliott (L),0.008958534959430
722012,Ilparpa (L),0.003035358709992
722013,Jilkminggan (L),0.011513954653138
722014,Kaltukatjara (Docker River) (L),0.003665624956885
722015,Laramba (L),0.003914027424290
722016,Mataranka (L),0.011533982531549
722017,Milikapiti (L),0.015123977497215
722018,Miniyeri (L),0.011339879506556
722019,Minjilang (L),0.015292620051301
722020,Mutitjulu (L),0.001727847248050
722021,Nauiyu Nambiyu (Daly River) (L),0.012813714545605
722022,Nganmarriyanga (Palumpa) (L),0.012366682933741
722023,Nyirripi (L),0.004216512191937
722024,Papunya (L),0.003274085903483
722025,Pine Creek (L),0.012631151317391
722026,Pirlangimpi (L),0.015179672570469
722027,Robinson River (Mungoorbada) (L),0.010709344754555
722028,Titjikala (L),0.002425381189603
722029,Umbakumba (L),0.013319979699411
722030,Wagait Beach - Mandorah (L),0.014102040284365
722031,Walungurru (Kintore) (L),0.004378483031869
722032,Warruwi (L),0.014816594180354
722033,Willowra (L),0.005182469350080
722034,Wutunugurra (L),0.006620544048549
722035,Yarralin (L),0.010110720489953
722036,Yuelamu (L),0.004184773911380
802001,Canberra - Queanbeyan (Canberra Part),0.018922803213654
822001,Hall (L),0.018807671407777
922002,Jervis Bay (L),0.020255171121783
