UCL_CODE11,UCL_NAME11,fraction_with_internet
101001,Sydney,0.762062339880444
102001,Canberra - Queanbeyan (Queanbeyan Part),0.7644974226804123
102002,Central Coast,0.8224949624473347
102003,Gold Coast - Tweed Heads (Tweed Heads Part),0.7637137452711223
102004,Newcastle,0.8083114510788902
103001,Wollongong,0.6774891774891775
111001,Albury - Wodonga (Albury Part),0.7060425953442299
111002,Maitland (NSW),0.7843118656928768
112001,Bathurst,0.7398523985239852
112002,Blue Mountains,0.8328100470957613
112003,Cessnock,0.6890817948404451
112004,Coffs Harbour,0.736992159657876
112005,Dubbo,0.7283176593521421
112006,Goulburn,0.6948553764627953
112007,Lismore,0.6961103362777002
112008,Mildura - Buronga (Buronga Part),0.661626481405803
112009,Nowra - Bomaderry,0.7154647544310648
112010,Orange,0.7914093206064009
112011,Port Macquarie,0.7862109905020352
112012,Tamworth,0.7085946145333825
112013,Wagga Wagga,0.7594811612106238
113001,Armidale,0.7649425287356322
113002,Ballina,0.6929252383341696
113003,Batemans Bay,0.6906110283159463
113004,Bowral - Mittagong,0.8316287878787879
113005,Broken Hill,0.6577927112949082
113006,Echuca - Moama (Moama Part),0.7322314049586777
113007,Forster - Tuncurry,0.6986744759556104
113008,Grafton,0.6752597658818887
113009,Griffith,0.6598244620611552
113010,Kempsey,0.6180758017492711
113011,Kiama,0.8082022818378045
113012,Kurri Kurri - Weston,0.712411400995325
113013,Lithgow,0.6591718193741802
113014,Morisset - Cooranbong,0.7587727032269441
113015,Muswellbrook,0.7274664393777968
113016,Nelson Bay - Corlette,0.7524223187437353
113017,Parkes,0.6642235455794778
113018,Raymond Terrace,0.686624203821656
113019,Singleton,0.7675320296695887
113020,Taree,0.6810040065991044
113021,Ulladulla,0.7309267404823298
114001,Camden Haven,0.7265732344050564
114002,Casino,0.6398382204246714
114003,Cooma,0.6936656282450675
114004,Cootamundra,0.6642812694461729
114005,Corowa - Wahgunyah (Corowa Part),0.6913319238900634
114006,Cowra,0.649561629706034
114007,Deniliquin,0.6457632303456715
114008,Forbes,0.6467417932386085
114009,Glen Innes,0.6311431623931624
114010,Gunnedah,0.6548839719373988
114011,Helensburgh,0.8808271994391869
114012,Inverell,0.6565635451505016
114013,Leeton,0.6757322175732218
114014,Lennox Head,0.8488063660477454
114015,Medowie,0.7948985992055195
114016,Merimbula,0.7647932131495228
114017,Moree,0.5814622913068509
114018,Moss Vale,0.77495462794918335
114019,Mudgee,0.6996383748138694
114020,Murwillumbah,0.7158363484553298
114021,Nambucca Heads,0.6443640747438216
114022,Narrabri,0.6480582524271845
114023,Pottsville,0.7936569328949913
114024,Salamander Bay - Soldiers Point,0.7524223187437353
114025,Scone,0.698595146871009
114026,St Georges Basin - Sanctuary Point,0.7252957550452331
114027,Summerland Point - Gwandalan,0.8053571428571429
114028,Tumut,0.6501726121979287
114029,Wauchope,0.7380666826577117
114030,Yamba,0.702323206535614
114031,Yarrawonga - Mulwala (Mulwala Part),0.6762865090403338
114032,Yass,0.7371769383697813
114033,Young,0.6789122137404581
115001,Aberdeen,0.6719319562575942
115002,Alstonville,0.7905053598774885
115003,Anna Bay,0.7493297587131368
115004,Appin,0.8692025358692025
115005,Arrawarra,0.7319548152402834
115006,Balranald,0.6098535286284953
115007,Bangalow,0.8124428179322964
115008,Bargo,0.7871362940275651
115009,Barham - Koondrook (Barham Part),0.6478823941197059
115010,Barooga,0.6683489545782264
115011,Barraba,0.7009892712832659
115012,Basin View,0.7252957550452331
115013,Batlow,0.655746229849194
115014,Bega,0.7245762711864406
115015,Bellingen,0.7881794650560828
115016,Bermagui,0.7130972189208462
115017,Berry,0.7506589351607802
115018,Bingara,0.5970328789093825
115019,Blackheath,0.7999219968798752
115020,Blayney,0.7105633802816902
115021,Boat Harbour,0.7493297587131368
115022,Bombala,0.62890625
115023,Bonny Hills,0.7265732344050564
115024,Boorowa,0.6509704104358893
115025,Bourke,0.5143380109823062
115026,Bowen Mountain,0.837890625
115027,Bowraville,0.7346278317152104
115028,Braidwood,0.6792114695340502
115029,Branxton,0.7990679824561403
115030,Broulee - Mossy Point,0.7514005602240896
115031,Brunswick Heads,0.766721044045677
115032,Bulahdelah,0.6890275611024441
115033,Bundanoon,0.8148423005565862
115034,Bundeena,0.8053743549800408
115035,Bungendore,0.8359402155022593
115036,Buxton,0.7982334603394527
115037,Byron Bay,0.8124428179322964
115038,Callala Bay,0.7468099395567495
115039,Cambewarra Village,0.766090297790586
115040,Canowindra,0.6774766770324301
115041,Cobar,0.6237826755509995
115042,Colo Vale,0.8157510938259601
115043,Condobolin,0.5814564564564565
115044,Coolamon,0.728656273199703
115045,Coonabarabran,0.6183274021352313
115046,Coonamble,0.5247410817031071
115047,Coraki,0.6590236686390533
115048,Corindi Beach,0.7319548152402834
115049,Crookwell,0.6896825396825397
115050,Culburra Beach - Orient Point,0.6882516188714154
115051,Culcairn,0.7442401675587619
115052,Dalmeny,0.7130972189208462
115053,Denman,0.6850498338870432
115054,Dorrigo,0.6654954321855235
115055,Douglas Park,0.8692025358692025
115056,Dungog,0.7319942611190817
115057,Eden,0.6604717655468192
115058,Estella,0.8366619115549215
115059,Evans Head,0.6574037316395395
115060,Fingal Bay,0.7524223187437353
115061,Finley,0.6683489545782264
115062,Forest Hill,0.728656273199703
115063,Frederickton,0.6180758017492711
115064,Freemans Reach,0.837890625
115065,Galston,0.8535879629629629
115066,Gerringong,0.7954701441317776
115067,Gilgandra,0.614114968696642
115068,Glossodia,0.837890625
115069,Gloucester,0.6682027649769585
115070,Greenwell Point,0.6882516188714154
115071,Grenfell,0.6520076481835564
115072,Greta,0.7990679824561403
115073,Gulgong,0.6468481375358166
115074,Gulmarrad,0.702323206535614
115075,Gundagai,0.6473429951690821
115076,Guyra,0.6557377049180327
115077,Harden - Murrumburrah,0.6509704104358893
115078,Harrington,0.7025436598329536
115079,Hawks Nest,0.7514619883040936
115080,Hay,0.575
115081,Heddon Greta,0.712411400995325
115082,Hill Top,0.8157510938259601
115083,Holbrook,0.7442401675587619
115084,Howlong,0.6762865090403338
115085,Iluka,0.702323206535614
115086,Jindabyne,0.6681391496410822
115087,Jindera,0.7442401675587619
115088,Junction Hill,0.6752597658818887
115089,Junee,0.672587614018243
115090,Kandos,0.6046065259117083
115091,Karuah,0.7948985992055195
115092,Kootingal,0.7009892712832659
115093,Kurrajong,0.837890625
115094,Kyogle,0.6617369414726243
115095,Lake Cargelligo,0.5814564564564565
115096,Lake Cathie,0.7265732344050564
115097,Lemon Tree Passage,0.7609403254972875
115098,Lightning Ridge,0.5240145743623716
115099,Macksville,0.6857142857142857
115100,Maclean,0.702323206535614
115101,Malua Bay,0.742865059573289
115102,Manilla,0.7009892712832659
115103,Milton,0.7309267404823298
115104,Molong,0.75
115105,Moruya,0.7322878745449454
115106,Mullumbimby,0.7113251605370695
115107,Murrumbateman,0.8246674727932285
115108,Narooma,0.7130972189208462
115109,Narrandera,0.6258038585209004
115110,Narromine,0.6297591297591297
115111,Nyngan,0.583616093068347
115112,Oberon,0.6440042826552462
115113,Ocean Shores,0.766721044045677
115114,Old Bar,0.7910652920962199
115115,Picton,0.7982334603394527
115116,Portland (NSW),0.664639708117969
115117,Quirindi,0.6427221172022685
115118,Richmond North,0.7575699866692058
115119,Robertson,0.8125
115120,Sandy Beach - Emerald Beach,0.8443311337732453
115121,Shoal Bay,0.7524223187437353
115122,Shoalhaven Heads,0.7506589351607802
115123,Silverdale - Warragamba,0.8269812462189957
115124,Skennars Head,0.8488063660477454
115125,Smiths Lake,0.7522192203782323
115126,South Golden Beach,0.766721044045677
115127,South West Rocks,0.7019655034095468
115128,Stanwell Park,0.8808271994391869
115129,Suffolk Park,0.7099125364431487
115130,Sussex Inlet,0.6704545454545454
115131,Tahmoor,0.7982334603394527
115132,Tanilba Bay,0.7609403254972875
115133,Tathra,0.7245762711864406
115134,Tea Gardens,0.7514619883040936
115135,Temora,0.6661780872114328
115136,Tenterfield,0.6121311475409836
115137,The Oaks,0.8259471050750536
115138,Thirlmere,0.7982334603394527
115139,Tocumwal,0.6683489545782264
115140,Tumbarumba,0.6717724288840262
115141,Tuross Head,0.7322878745449454
115142,Uralla,0.7342192691029901
115143,Urunga,0.7321598477640342
115144,Valla Beach,0.7346278317152104
115145,Vincentia,0.7585315408479835
115146,Walcha,0.6158273381294964
115147,Walgett,0.5240145743623716
115148,Wallacia,0.8394337016574586
115149,Wallerawang,0.664639708117969
115150,Warialda,0.5970328789093825
115151,Warren,0.583616093068347
115152,Wee Waa,0.614406779661017
115153,Wellington,0.6071973162549558
115154,Wentworth,0.661626481405803
115155,Werris Creek,0.6427221172022685
115156,West Wyalong,0.6313853698406212
115157,Wilberforce,0.837890625
115158,Wingham,0.676154923005133
115159,Wollongbar,0.7905053598774885
115160,Woolgoolga,0.7319548152402834
115161,Wyee,0.7587727032269441
115162,Wyee Point,0.7587727032269441
115163,Yenda,0.6795326517838515
121001,Adelong (L),0.655746229849194
121002,Baradine (L),0.6183274021352313
121003,Bawley Point (L),0.7477436823104693
121004,Beechwood (L),0.7380666826577117
121005,Belimbla Park (L),0.8259471050750536
121006,Berrara - Cudmirrah (L),0.7477436823104693
121007,Berridale (L),0.6681391496410822
121008,Berrigan (L),0.6683489545782264
121009,Boggabilla (L),0.6098741529525653
121010,Boggabri (L),0.663850331925166
121011,Brandy Hill (L),0.865874363327674
121012,Brewarrina (L),0.5143380109823062
121014,Burringbar (L),0.7936569328949913
121015,Catherine Field (L),0.8215995743926228
121016,Clarence Town (L),0.7319942611190817
121017,Clifton Grove (L),0.7914093206064009
121018,Clunes (L) (NSW),0.7652217911958171
121019,Cobbitty (L),0.8215995743926228
121020,Coleambally (L),0.6795326517838515
121021,Coolah (L),0.6183274021352313
121022,Coutts Crossing (L),0.6974367293964958
121023,Cowan (L),0.9044455799693408
121024,Crescent Head (L),0.6772527756261296
121025,Cudgen (L),0.7521489971346705
121026,Cumbalum (L),0.7905053598774885
121027,Cunjurong Point - Manyana (L),0.7477436823104693
121028,Curlewis (L),0.663850331925166
121029,Dareton (L),0.661626481405803
121030,Darlington Point (L),0.6795326517838515
121031,Diamond Beach (L),0.7910652920962199
121032,Dunedoo (L),0.6468481375358166
121033,East Jindabyne (L),0.6681391496410822
121034,Ellalong (L),0.7391455366446683
121035,Emerald Beach West (L),0.8443311337732453
121036,Erowal Bay (L),0.7252957550452331
121037,Eugowra (L),0.6467417932386085
121038,Exeter (L) (NSW),0.8148423005565862
121039,Firgrove (L),0.7319070258848389
121040,Ganmain (L),0.728656273199703
121041,Gillieston Heights (L),0.7462090981644054
121042,Glenorie (L),0.8574481074481074
121043,Green Point (L),0.6986744759556104
121044,Hallidays Point - Black Head (L),0.7910652920962199
121045,Hanwood (L),0.6795326517838515
121046,Hastings Point (L),0.7936569328949913
121047,Henty (L),0.7442401675587619
121048,Hillston (L),0.6795326517838515
121049,Huskisson (L),0.7585315408479835
121050,Jamberoo (L),0.7954701441317776
121051,Jerilderie (L),0.6683489545782264
121052,Jilliby (L),0.8336431226765799
121053,Kalaru (L),0.7245762711864406
121054,Kendall (L),0.7265732344050564
121055,Kianga (L),0.7130972189208462
121056,Killingworth (L),0.8176699870073625
121057,King Creek (L),0.7380666826577117
121058,Kings Point (L),0.7309267404823298
121059,Kingswood (L),0.7085946145333825
121060,Kirkham (L),0.8662237656651064
121061,Kurrajong Heights (L),0.837890625
121062,Lake Tabourie (L),0.7477436823104693
121063,Lawrence (L),0.6974367293964958
121064,Lockhart (L),0.728656273199703
121065,Long Beach (L),0.6906110283159463
121066,Louth Park (L),0.7462090981644054
121067,Maianbar (L),0.36363636363636365
121068,Marulan (L),0.6896825396825397
121069,Mathoura (L),0.6478823941197059
121070,Medlow Bath (L),0.7787730268717256
121071,Menangle (L),0.8692025358692025
121072,Merriwa (L),0.6719319562575942
121073,Millfield (L),0.7391455366446683
121074,Millthorpe (L),0.7105633802816902
121075,Minmi (L),0.8728832693610296
121076,Moama - West (L),0.7322314049586777
121077,Modanville (L),0.7652217911958171
121078,Moonee Beach (L),0.8443311337732453
121079,Moonee Beach West (L),0.8443311337732453
121080,Moruya Heads (L),0.7322878745449454
121081,Mount Vernon (L),0.7603833865814696
121082,Mount Victoria (L),0.7999219968798752
121083,Mulgoa (L),0.8394337016574586
121084,Murrurundi (L),0.6719319562575942
121085,Nabiac (L),0.7522192203782323
121086,New Berrima (L),0.77495462794918335
121087,Nords Wharf (L),0.7420327304048234
121088,North Rothbury (L),0.7990679824561403
121089,Nowra Hill (L),0.7154647544310648
121090,Nunderi (L),0.7425431711145997
121091,Oakdale (L),0.8259471050750536
121092,Old Erowal Bay (L),0.7252957550452331
121093,Pambula (L),0.7647932131495228
121094,Pambula Beach (L),0.7647932131495228
121095,Paxton (L),0.7391455366446683
121096,Peak Hill (L),0.6097383720930233
121097,Pitt Town (L),0.8158897683963647
121098,Repton (L),0.7321598477640342
121099,Richmond Hill (L),0.7652217911958171
121100,Rylstone (L),0.6046065259117083
121101,Safety Beach (L),0.7319548152402834
121102,Salt Ash (L),0.7948985992055195
121103,Scotts Head (L),0.6857142857142857
121104,Smithtown - Gladstone (L),0.6772527756261296
121105,Stroud (L),0.6890275611024441
121106,Stuarts Point (L),0.6772527756261296
121107,Tallwoods Village (L),0.7910652920962199
121108,The Rock (L),0.728656273199703
121109,Tingha (L),0.5961347869177404
121110,Tinonee (L),0.6810040065991044
121111,Tomakin (L),0.7514005602240896
121112,Townsend (L),0.702323206535614
121113,Trangie (L),0.6297591297591297
121114,Uranquinty (L),0.728656273199703
121115,Walla Walla (L),0.7442401675587619
121116,Wallabi Point (L),0.7910652920962199
121117,Wallaga Lake (L),0.7130972189208462
121118,Wallalong (L),0.865874363327674
121119,Wardell (L),0.7905053598774885
121120,Waterview Heights (L),0.6974367293964958
121121,Wilcannia (L),0.512621359223301
121122,Wilton (L),0.8692025358692025
121123,Wongarbon (L),0.7463731865932967
121124,Woodburn (L),0.6574037316395395
121125,Woombah (L),0.702323206535614
121126,Wooroowoolgan (L),0.6398382204246714
121127,Wyalong (L),0.6313853698406212
121128,Yanco (L),0.6757322175732218
121129,Yanderra (L),0.7871362940275651
121130,Yerrinbool (L),0.8157510938259601
122001,Adaminaby (L),0.7020669992872416
122002,Agnes Banks (L),0.7575699866692058
122003,Ardlethan (L),0.6661780872114328
122004,Ariah Park (L),0.6661780872114328
122005,Ashford (L),0.5961347869177404
122006,Ashley (L),0.6098741529525653
122007,Attunga (L),0.7009892712832659
122008,Awaba (L),0.7775451950523311
122009,Balmoral (L),0.8157510938259601
122010,Barellan (L),0.6258038585209004
122011,Barmedman (L),0.6313853698406212
122012,Beelbangera (L),0.6795326517838515
122013,Bemboka (L),0.7394843962008141
122014,Berrima (L),0.77495462794918335
122015,Bilbul (L),0.6795326517838515
122016,Binalong (L),0.8246674727932285
122017,Binnaway (L),0.6183274021352313
122018,Bodalla (L),0.7381121362668559
122019,Bonalbo (L),0.6590236686390533
122020,Bonny Hills - West (L),0.7265732344050564
122021,Bonville (L),0.7779207411219763
122022,Bonville - East (L),0.7779207411219763
122023,Boomerang Beach - Blueys Beach (L),0.7522192203782323
122024,Bowning (L),0.8246674727932285
122025,Broadwater (L),0.6574037316395395
122026,Broke (L),0.7121212121212122
122027,Brooms Head (L),0.702323206535614
122028,Bundarra (L),0.5961347869177404
122029,Burrawang (L),0.8125
122030,Candelo (L),0.7394843962008141
122031,Caniaba (L),0.7652217911958171
122032,Captains Flat (L),0.8359402155022593
122033,Carcoar (L),0.7105633802816902
122034,Cargo (L),0.75
122035,Clarenza (L),0.6974367293964958
122036,Cobargo (L),0.7394843962008141
122037,Collarenebri (L),0.5240145743623716
122038,Conjola Park (L),0.7477436823104693
122039,Coomba Park (L),0.7522192203782323
122040,Coopernook (L),0.7025436598329536
122041,Coramba (L),0.7855072463768116
122042,Couridjah (L),0.7982334603394527
122043,Cudal (L),0.75
122044,Cumnock (L),0.75
122045,Currarong (L),0.7468099395567495
122046,Dangar Island (L),0.9044455799693408
122047,Deepwater (L),0.6311431623931624
122048,Delegate (L),0.62890625
122049,Delungra (L),0.5970328789093825
122050,Dunoon (L),0.7652217911958171
122051,Elizabeth Beach (L),0.7522192203782323
122052,Emmaville (L),0.6311431623931624
122053,Euston (L),0.6098535286284953
122054,Ewingsdale (L),0.8124428179322964
122055,Fairy Hill (L),0.6398382204246714
122056,Falls Creek (L) (NSW),0.8157467532467533
122057,Fishermans Paradise (L),0.7477436823104693
122059,Geurie (L),0.6071973162549558
122060,Gilgai (L),0.5961347869177404
122061,Glenreagh (L),0.6974367293964958
122062,Goodooga (L),0.5240145743623716
122063,Goolgowi (L),0.6795326517838515
122064,Gresford - East Gresford (L),0.7319942611190817
122065,Gulargambone (L),0.5247410817031071
122066,Gundaroo (L),0.8246674727932285
122067,Gunning (L),0.8246674727932285
122068,Hallidays Point - West (L),0.7910652920962199
122069,Hat Head (L),0.6772527756261296
122070,Hinton (L),0.865874363327674
122071,Hyland Park (L),0.6443640747438216
122072,Ivanhoe (L),0.512621359223301
122073,Kangaroo Valley (L),0.7506589351607802
122074,Khancoban (L),0.6717724288840262
122075,Kioloa (L),0.7477436823104693
122076,Kitchener (L),0.7391455366446683
122077,Koorawatha (L),0.6509704104358893
122078,Kurmond (L),0.837890625
122079,Lake Conjola (L),0.7477436823104693
122080,Lakewood Estate (L),0.6681391496410822
122081,Lansdowne (L),0.7025436598329536
122082,Lennox Head - West (L),0.8488063660477454
122083,Leppington (L),0.8215995743926228
122084,Linden (L),0.8588533271931844
122085,Lochinvar (L),0.7740565465356146
122086,Lord Howe Island (L),0.82
122087,Luddenham (L),0.8394337016574586
122088,Lyndhurst (L),0.7105633802816902
122089,Maloneys Beach (L),0.6906110283159463
122090,Manildra (L),0.75
122091,Manning Point (L),0.7910652920962199
122092,Marrangaroo (L),0.6591718193741802
122093,Menangle Park (L),0.8053932584269663
122094,Mendooran (L),0.6183274021352313
122095,Menindee (L),0.512621359223301
122096,Mogo (L),0.7381121362668559
122097,Moonbi (L),0.7009892712832659
122098,Mooney Mooney (L),0.7258241758241758
122099,Moulamein (L),0.6478823941197059
122100,Mulbring (L),0.7391455366446683
122101,Mungindi (NSW Part) (L),0.6098741529525653
122102,Mylestom (L),0.7321598477640342
122103,Nana Glen (L),0.7855072463768116
122104,Neath (L),0.712411400995325
122105,Nelligen (L),0.7381121362668559
122106,Nemingha (L),0.7067299819878827
122107,Nimbin (L),0.7652217911958171
122108,Nimmitabel (L),0.7020669992872416
122109,North Arm Cove (L),0.7514619883040936
122110,North Shore (L),0.7115384615384616
122111,Nundle (L),0.7009892712832659
122112,Oaklands (L),0.6762865090403338
122113,Orchard Hills (L),0.8394337016574586
122114,Otford (L),0.8808271994391869
122115,Pallamallawa (L),0.6098741529525653
122116,Paterson (L),0.7319942611190817
122117,Patonga (L),0.7346491228070176
122118,Perisher Village (L),0.6681391496410822
122119,Perthville (L),0.726984126984127
122120,Picton - West (L),0.7982334603394527
122121,Pindimar (L),0.7514619883040936
122122,Putta Bucca - Bombira (L),0.6996383748138694
122123,Rainbow Flat (L),0.7910652920962199
122124,Red Head (L),0.7910652920962199
122125,Red Rock (L),0.7319548152402834
122126,Riverside (L),0.7115384615384616
122127,San Isidore (L),0.6978588421887391
122128,Seaham (L),0.865874363327674
122129,Seahampton (L),0.8176699870073625
122130,South Durras (L),0.7381121362668559
122131,South Pambula (L),0.7647932131495228
122132,Spring Hill (L),0.75
122133,Stanwell Tops (L),0.8808271994391869
122134,Stockinbingal (L),0.6642812694461729
122135,Sutton (L),0.8246674727932285
122136,Talbingo (L),0.655746229849194
122137,Tapitallee (L),0.766090297790586
122138,Taralga (L),0.6896825396825397
122139,Tarcutta (L),0.728656273199703
122140,Tarraganda (L),0.7245762711864406
122141,Telegraph Point (L),0.7115384615384616
122142,Thredbo Village (L),0.6681391496410822
122143,Tintenbar (L),0.7905053598774885
122144,Tomago (L),0.686624203821656
122145,Tomerong (L),0.8157467532467533
122146,Toomelah (L),0.6098741529525653
122147,Tottenham (L),0.5814564564564565
122148,Trundle (L),0.6097383720930233
122149,Tucabia (L),0.6974367293964958
122150,Tullamore (L),0.5814564564564565
122151,Tumbulgum (L),0.7425431711145997
122152,Tyalgum (L),0.7425431711145997
122153,Uki (L),0.7425431711145997
122154,Ulmarra (L),0.6974367293964958
122155,Ungarie (L),0.6313853698406212
122156,Urana (L),0.6762865090403338
122157,Urbenville (L),0.6121311475409836
122158,Wallabadah (L),0.6427221172022685
122159,Waterfall (L),0.8371886120996441
122160,Whitton (L),0.6795326517838515
122161,Wingello (L),0.8148423005565862
122162,Wolumla (L),0.7394843962008141
122163,Woodenbong (L),0.6617369414726243
122164,Woodstock (L),0.6774766770324301
122165,Wooli (L),0.6974367293964958
122166,Woollamia (L),0.8157467532467533
122167,Wooloweyah (L),0.702323206535614
122168,Yarramundi (L),0.7926167209554832
122169,Yeoval (L),0.6071973162549558
201001,Melbourne,0.8118016759776536
203001,Geelong,0.7553587245349868
211001,Albury - Wodonga (Wodonga Part),0.7555320275277925
211002,Ballarat,0.7228410930210416
211003,Bendigo,0.7119360902255639
212001,Melton,0.8199324324324324
212002,Mildura - Buronga (Mildura Part),0.6654353562005277
212003,Pakenham,0.819378353751139
212004,Shepparton - Mooroopna,0.721710756322107
212005,Sunbury,0.8582986592695331
212006,Traralgon,0.7641990178819605
212007,Warrnambool,0.7022173355323438
213001,Bacchus Marsh,0.7985573069730163
213002,Bairnsdale,0.68757182728616
213003,Colac,0.6806167400881057
213004,Drysdale - Clifton Springs,0.7975238095238095
213005,Echuca - Moama (Echuca Part),0.7211389128559103
213006,Horsham,0.7176539935160625
213007,Lara,0.8264817566452038
213008,Moe - Newborough,0.6803937881308929
213009,Morwell,0.6429271479908527
213010,Ocean Grove - Barwon Heads,0.8514484356894554
213011,Sale,0.7377318234039061
213012,Torquay - Jan Juc,0.8660550458715597
213013,Wangaratta,0.7049221814500822
213014,Warragul,0.7779920121195427
214001,Ararat,0.6872883964296707
214002,Benalla,0.6884215091066782
214003,Castlemaine,0.7291760468257542
214004,Cobram,0.6546215290985166
214005,Corowa - Wahgunyah (Wahgunyah Part),0.7351116625310173
214006,Drouin,0.7583198707592892
214007,Gisborne,0.8607681755829903
214008,Hamilton,0.7202366863905325
214009,Healesville,0.8092695021934008
214010,Kilmore,0.7703200775945683
214011,Kyabram,0.703291608715809
214012,Lakes Entrance,0.6967517401392112
214013,Leopold,0.8293444328824141
214014,Maryborough (Vic.),0.6296607793664144
214015,Portland (Vic.),0.711834579850418
214016,Seymour,0.6490842490842491
214017,Stawell,0.6762409369771333
214018,Swan Hill,0.662572577043323
214019,Wallan,0.8191665136772536
214020,Wonthaggi,0.7142126266243732
214021,Yarrawonga - Mulwala (Yarrawonga Part),0.6836511409815568
215001,Aireys Inlet - Fairhaven,0.7946927374301676
215002,Alexandra,0.6859386152748037
215003,Anglesea,0.7946927374301676
215004,Apollo Bay,0.6853720050441362
215005,Ballan,0.7516808606006276
215006,Balnarring - Balnarring Beach,0.7802833530106258
215007,Bannockburn,0.8581871345029239
215008,Baranduda,0.7555320275277925
215009,Barham - Koondrook (Koondrook Part),0.6705966416577349
215010,Beaconsfield Upper,0.8545484293193717
215011,Beechworth,0.7629094947251527
215012,Blind Bight,0.8169479090242113
215013,Bright,0.7045344910757356
215014,Broadford,0.7703200775945683
215015,Bunyip,0.7916527545909849
215016,Camperdown,0.6644518272425249
215017,Cape Woolamai,0.7646406388642414
215018,Casterton,0.6715367965367965
215019,Churchill,0.789810372401188
215020,Cobden,0.7094570298453794
215021,Cohuna,0.6705966416577349
215022,Corryong,0.7010433386837881
215023,Cowes,0.7646406388642414
215024,Creswick,0.7163522012578616
215025,Daylesford - Hepburn Springs,0.7266133066533267
215026,Diggers Rest,0.8237066800602713
215027,Dimboola,0.6835443037974683
215028,Donald,0.6312476860422066
215029,Euroa,0.7038503058654192
215030,Foster,0.6949846468781986
215031,Garfield,0.7916527545909849
215032,Heathcote,0.6855409504550051
215033,Heyfield,0.7412600145666424
215034,Heywood,0.6715367965367965
215035,Inverloch,0.7142126266243732
215036,Kerang,0.6365767878077374
215037,Koo Wee Rup,0.7435223432219301
215038,Koroit,0.7468902109248242
215039,Korumburra,0.7546636517806671
215040,Kyneton,0.7567357512953368
215041,Lancefield,0.808858501783591
215042,Lang Lang,0.7435223432219301
215043,Leongatha,0.7457978355975132
215044,Longwarry,0.7583198707592892
215045,Lorne,0.7946927374301676
215046,Macedon,0.8573770491803279
215047,Maffra,0.7412600145666424
215048,Maldon,0.7635209713024282
215049,Mansfield,0.7318466140875713
215050,Merbein,0.6962095875139354
215051,Millgrove,0.7662816811036253
215052,Mirboo North,0.7457978355975132
215053,Mortlake,0.7170481452249408
215054,Mount Beauty - Tawonga South,0.7045344910757356
215055,Myrtleford,0.6953846153846154
215056,Nagambie,0.6735277301315037
215057,Nathalia,0.7033707865168539
215058,Nhill,0.6835443037974683
215059,Numurkah,0.7033707865168539
215060,Orbost,0.6348448687350835
215061,Ouyen,0.6425902864259029
215062,Paynesville,0.769650655021834
215064,Port Fairy,0.7468902109248242
215065,Portarlington,0.7007874015748031
215066,Red Cliffs,0.6701940035273368
215067,Riddells Creek,0.8856729377713459
215068,Robinvale,0.5380875202593193
215069,Rochester,0.6898532227185705
215070,Romsey,0.808858501783591
215071,Rosedale,0.762434554973822
215072,Rutherglen,0.7351116625310173
215073,San Remo,0.7142126266243732
215074,Seville,0.8588235294117647
215075,St Arnaud,0.6644823066841415
215076,St Leonards,0.7007874015748031
215077,Stratford,0.7412600145666424
215078,Tatura,0.7182581322140609
215079,Terang,0.6754665452890305
215080,Tongala,0.703291608715809
215081,Trafalgar,0.755422088755422
215082,Wandong - Heathcote Junction,0.8191665136772536
215083,Warburton,0.7662816811036253
215084,Warracknabeal,0.6705263157894736
215085,Whittlesea,0.7547826086956522
215086,Winchelsea,0.7988614800759013
215087,Wonga Park,0.9047919293820933
215088,Woodend,0.8268482490272373
215089,Woori Yallock - Launching Place,0.7662816811036253
215090,Yallourn North,0.788160185722577
215091,Yarra Glen,0.8092695021934008
215092,Yarra Junction - Wesburn,0.7662816811036253
215093,Yarragon,0.755422088755422
215094,Yarram,0.6791648913506604
215095,Yea,0.703751617076326
221001,Allansford (L),0.7022173355323438
221002,Avenel (L),0.6735277301315037
221003,Avoca (L),0.6391541609822646
221004,Barnawartha (L),0.7661488143908421
221005,Batesford (L),0.6956960322797578
221006,Beaufort (L),0.6841484973482617
221007,Birchip (L),0.6312476860422066
221008,Boolarra (L),0.789810372401188
221009,Boort (L),0.6166452442159382
221010,Briagolong (L),0.7412600145666424
221011,Bruthen (L),0.7109549664643884
221012,Bushfield - Woodford (L),0.7561777236762021
221013,Cabarita (L),0.6962095875139354
221014,Cannons Creek (L),0.8169479090242113
221015,Cape Paterson (L),0.7142126266243732
221016,Cardigan Village (L),0.8568952711067096
221017,Carisbrook (L),0.6801390699695784
221018,Charlton (L),0.6312476860422066
221019,Chiltern (L),0.7661488143908421
221020,Clunes (L) (Vic.),0.7163522012578616
221021,Coleraine (L),0.7168747482883608
221022,Corinella (L),0.7142126266243732
221023,Coronet Bay (L),0.7142126266243732
221024,Dunolly (L),0.6801390699695784
221026,East Warburton (L),0.7662816811036253
221027,Edenhope (L),0.6798319327731093
221028,Eildon (L),0.6859386152748037
221029,Elmore (L),0.7109283196239718
221030,Flinders (L),0.8436893203883495
221031,Gembrook (L),0.8545484293193717
221032,Glengarry (L),0.788160185722577
221033,Grantville (L),0.7142126266243732
221034,Greendale (L),0.7516808606006276
221035,Hopetoun (L) (Vic.),0.6705263157894736
221036,Hopetoun Park (L),0.7985573069730163
221037,Indented Head (L),0.7007874015748031
221038,Inglewood (L) (Vic.),0.6166452442159382
221039,Inverleigh (L),0.8053419668150547
221040,Kaniva (L),0.6835443037974683
221041,Kinglake (L),0.8115220483641536
221042,Kinglake West (L),0.8115220483641536
221043,Lake Boga (L),0.63441712926249
221044,Lake Tyers Beach (L),0.6967517401392112
221045,Lethbridge (L),0.8053419668150547
221046,Loch Sport (L),0.7224061810154525
221047,Mallacoota (L),0.6348448687350835
221048,Malmsbury (L),0.7567357512953368
221049,Maryknoll (L),0.7916527545909849
221050,Metung (L),0.6967517401392112
221051,Moriac (L),0.7988614800759013
221052,Murchison (L),0.7182581322140609
221053,Murtoa (L),0.6705263157894736
221054,Neerim South (L),0.7480818414322251
221055,Newlands Arm (L),0.769650655021834
221056,Newstead (L),0.7635209713024282
221057,Nyora (L),0.7546636517806671
221058,Officer (L),0.8857925993604385
221059,Porepunkah (L),0.7045344910757356
221060,Rainbow (L),0.6835443037974683
221061,Raymond Island (L),0.769650655021834
221062,Rhyll (L),0.7646406388642414
221063,Rockbank (L),0.5902777777777778
221064,Rushworth (L),0.6632653061224489
221065,Sea Lake (L),0.6312476860422066
221066,Seville East (L),0.8588235294117647
221067,Surf Beach - Sunderland Bay (L),0.7646406388642414
221068,Tallangatta (L),0.7010433386837881
221069,Teesdale (L),0.8053419668150547
221070,Timboon (L),0.7094570298453794
221071,Tooradin (L),0.8169479090242113
221072,Trentham (L),0.7266133066533267
221073,Ventnor (L),0.7646406388642414
221074,Venus Bay (L),0.6949846468781986
221075,Violet Town (L),0.7038503058654192
221076,Wedderburn (L),0.6166452442159382
221077,Werribee South (L),0.7466726821565531
221078,Wurruk (L),0.7377318234039061
221079,Wycheproof (L),0.6312476860422066
221080,Yackandandah (L),0.8236363636363636
221081,Yinnar (L),0.789810372401188
222001,Arcadia Downs (L),0.721710756322107
222002,Arthurs Seat (L),0.7831429187324854
222003,Axedale (L),0.6855409504550051
222004,Baw Baw Village (L),0.7480818414322251
222005,Beeac (L),0.7187201528175741
222006,Bellbridge (L),0.7010433386837881
222007,Bethanga (L),0.7010433386837881
222008,Beulah (L),0.6705263157894736
222009,Birregurra (L),0.7187201528175741
222010,Blackwood (L),0.7516808606006276
222011,Bridgewater (L),0.6166452442159382
222012,Bulla (L),0.8771929824561403
222013,Buln Buln (L),0.7480818414322251
222014,Bundalong (L),0.7168316831683168
222015,Buxton (L),0.6859386152748037
222016,Cape Schanck (L),0.8436893203883495
222017,Clyde (L),0.8446502057613169
222018,Dales Creek (L),0.7516808606006276
222019,Dalyston (L),0.7142126266243732
222020,Darnum (L),0.7779920121195427
222021,Dartmoor (L),0.6715367965367965
222022,Derrinallum (L),0.6754665452890305
222023,Dinner Plain (L),0.7045344910757356
222024,Don Valley (L),0.7662816811036253
222025,Dookie (L),0.772170151405912
222026,Dunkeld (L),0.7168747482883608
222027,Eldorado (L),0.7440934430581364
222028,Enfield (L),0.7764910248986682
222029,Falls Creek (L) (Vic.),0.7045344910757356
222030,Glenrowan (L),0.7440934430581364
222031,Glenrowan - North (L),0.7440934430581364
222032,Golden Beach - Paradise Beach (L),0.7224061810154525
222033,Goornong (L),0.7109283196239718
222034,Gordon (L),0.7551498127340824
222035,Goroke (L),0.6798319327731093
222036,Guildford (L),0.7635209713024282
222037,Gunbower (L),0.7182009838369642
222038,Halls Gap (L),0.6762409369771333
222039,Harcourt (L),0.7635209713024282
222040,Harrietville (L),0.7045344910757356
222041,Hazeldene (L),0.703751617076326
222042,Jeparit (L),0.6835443037974683
222043,Katamatite (L),0.7168316831683168
222044,Katandra West (L),0.772170151405912
222045,Kialla West (L),0.721710756322107
222046,Kiewa (L),0.8236363636363636
222047,Kilcunda (L),0.7142126266243732
222048,Learmonth (L),0.7163522012578616
222049,Leitchville (L),0.6705966416577349
222050,Lindenow (L),0.7109549664643884
222051,Linton (L),0.7764910248986682
222052,Lismore (L),0.6754665452890305
222053,Little River (L),0.8287892791127541
222054,Lockington (L),0.7182009838369642
222055,Macarthur (L),0.7468902109248242
222056,Manangatang (L),0.63441712926249
222057,Marengo (L),0.6853720050441362
222058,Marlo (L),0.6348448687350835
222059,Marong (L),0.8544582167133147
222060,Marysville (L),0.6859386152748037
222061,Meeniyan (L),0.6949846468781986
222062,Meredith (L),0.8053419668150547
222063,Merrigum (L),0.7182581322140609
222064,Milawa (L),0.7440934430581364
222065,Minyip (L),0.6705263157894736
222066,Mount Buller (L),0.7318466140875713
222067,Mount Egerton (L),0.7551498127340824
222068,Mount Hotham (L),0.7045344910757356
222069,Murrayville (L),0.6425902864259029
222070,Myrniong (L),0.7516808606006276
222071,Nar Nar Goon (L),0.7916527545909849
222072,Natimuk (L),0.7661538461538462
222073,Newhaven (L),0.7646406388642414
222074,Nichols Point (L),0.7541380702462657
222075,Nilma (L),0.7779920121195427
222076,Nyah (L),0.63441712926249
222077,Nyah West (L),0.63441712926249
222078,Omeo (L),0.7109549664643884
222079,Oxley (L),0.7440934430581364
222080,Panton Hill (L),0.8463289698349459
222081,Penshurst (L),0.7168747482883608
222082,Pioneer Bay (L),0.7142126266243732
222083,Poowong (L),0.7546636517806671
222084,Port Albert (L),0.6791648913506604
222085,Port Campbell (L),0.7094570298453794
222086,Pyalong (L),0.7808764940239044
222087,Pyramid Hill (L),0.6166452442159382
222088,Quambatook (L),0.6705966416577349
222089,Rawson (L),0.7480818414322251
222090,Red Hill South (L),0.8436893203883495
222091,Rupanyup (L),0.6705263157894736
222092,Sandy Point (L),0.6949846468781986
222093,Sawmill Settlement (L),0.7318466140875713
222094,Shepparton East (L),0.721710756322107
222095,Shoreham (L),0.8436893203883495
222096,Skipton (L),0.6754665452890305
222097,Smiths Beach (L),0.7646406388642414
222098,Smythesdale (L),0.7764910248986682
222099,Snake Valley (L),0.6841484973482617
222100,St Andrews (L),0.8463289698349459
222101,Stanhope (L),0.6632653061224489
222102,Strathmerton (L),0.7033707865168539
222103,Sunset Strip (L),0.7646406388642414
222104,Talbot (L),0.6801390699695784
222105,Tallarook (L),0.7808764940239044
222106,Tallygaroopna (L),0.772170151405912
222107,Tangambalanga (L),0.8236363636363636
222108,Tawonga (L),0.7045344910757356
222109,Toolamba (L),0.7182581322140609
222110,Toongabbie (L),0.788160185722577
222111,Toora (L),0.6949846468781986
222112,Traralgon South (L),0.789810372401188
222113,Tungamah (L),0.7168316831683168
222114,Tyers (L),0.788160185722577
222115,Tylden (L),0.7567357512953368
222116,Tynong (L),0.7916527545909849
222117,Underbool (L),0.6425902864259029
222118,Wandiligong (L),0.7045344910757356
222119,Warneet (L),0.8169479090242113
222120,Waterford Park (L),0.8191665136772536
222121,Willaura (L),0.6803088803088803
222122,Willow Grove (L),0.7480818414322251
222123,Wimbledon Heights (L),0.7646406388642414
222124,Wonga Park - South (L),0.9047919293820933
222125,Woolsthorpe (L),0.7170481452249408
222126,Woorinen South (L),0.63441712926249
222127,Wunghnu (L),0.7033707865168539
301001,Brisbane,0.8669227293267058
302001,Gold Coast - Tweed Heads (Gold Coast Part),0.8437209302325581
303001,Cairns,0.8128861429832304
303002,Sunshine Coast,0.8288758425744727
303003,Townsville,0.843084308430843
311001,Mackay,0.7777581952767008
311002,Rockhampton,0.6921972235519387
311003,Toowoomba,0.6736190694476277
312001,Bundaberg,0.802910855063675
312002,Gladstone,0.7325062034739455
312003,Hervey Bay,0.7419517102615694
312004,Maryborough (Qld),0.6794582392776524
312005,Mount Isa,0.7017268445839875
313001,Bargara - Innes Park,0.7856254319281272
313002,Bongaree - Woorim,0.7379111367570687
313003,Dalby,0.7075604053000779
313004,Emerald,0.7784056508577195
313005,Gympie,0.6952511103518961
313006,Nambour,0.7794845092423848
313007,Warwick,0.707400751511191
313008,Yeppoon,0.7622883670125614
314001,Airlie Beach - Cannonvale,0.724238631622862
314002,Atherton,0.709825327510917
314003,Ayr,0.6482633488854329
314004,Beaudesert,0.7036826119969628
314005,Biloela,0.7408226448474127
314006,Bowen,0.6659430776652195
314007,Charters Towers,0.6380530973451327
314008,Gatton,0.6692449355432781
314009,Goondiwindi,0.6802507836990596
314010,Gordonvale,0.7768488745980707
314011,Gracemere,0.788929889298893
314012,Highfields,0.8776848293013791
314013,Innisfail,0.6375856615709015
314014,Kingaroy,0.7484928864239209
314015,Mareeba,0.6342756183745583
314016,Moranbah,0.8030203545633617
314017,Roma,0.6915820029027576
314018,Sandstone Point - Ningi,0.7713349713349713
314019,Tamborine Mountain,0.8161343917297397
314020,Tannum Sands - Boyne Island,0.8409276944065485
315001,Alice River,0.8924154987633965
315002,Allingham,0.6955017301038062
315003,Aurukun,0.6056338028169014
315004,Babinda,0.6698564593301436
315005,Bamaga,0.6442731277533039
315006,Barcaldine,0.6781456953642384
315007,Beachmere,0.7713349713349713
315008,Beerwah,0.8027981345769487
315009,Blackwater,0.6661704503163379
315010,Boonah,0.730037190986655
315011,Burnett Heads,0.7856254319281272
315012,Burrum Heads,0.7072261072261072
315013,Calliope,0.7704057279236277
315014,Cardwell,0.6805143422354105
315015,Cedar Grove,0.8461158453748302
315016,Cedar Vale,0.8461158453748302
315017,Charleville,0.6615628299894404
315018,Cherbourg,0.6272896203875763
315019,Childers,0.6987300094073378
315020,Chinchilla,0.6770403302635757
315021,Clermont,0.7016021361815754
315022,Clifton,0.7430851063829788
315023,Cloncurry,0.5618709295441089
315024,Collinsville,0.6150234741784038
315025,Cooktown,0.49817073170731707
315026,Cooloola Village,0.6709969788519637
315027,Cooroy,0.8223441039704305
315028,Crows Nest,0.6906349666570021
315029,Cunnamulla,0.593170007423905
315030,Dayboro,0.8552307150405072
315031,Doomadgee,0.5728643216080402
315032,Doonan - Tinbeerwah,0.8223441039704305
315033,Dysart,0.7282218597063621
315034,Emu Park,0.7199671996719967
315035,Esk,0.6762719495722648
315036,Fernvale,0.7367375322869064
315037,Gayndah,0.5959972862957937
315038,Glass House Mountains,0.817752596789424
315039,Gununa,0.5728643216080402
315040,Hamilton Island,0.724238631622862
315041,Hay Point,0.7087703637580897
315042,Home Hill,0.6997032640949555
315043,Howard,0.7072261072261072
315044,Ingham,0.6188524590163934
315045,Jacobs Well,0.7994227994227994
315046,Jimboomba,0.8461158453748302
315047,Jimboomba - West,0.8461158453748302
315048,Kensington Grove - Regency Downs,0.707815520574427
315049,Kilcoy,0.6987148976677773
315050,Kingsthorpe,0.8684456928838952
315051,Kowanyama,0.6647173489278753
315052,Kuranda,0.7370689655172413
315053,Laidley,0.707815520574427
315054,Landsborough,0.8400330396475771
315055,Longreach,0.6947916666666667
315056,Lowood,0.7367375322869064
315057,Macleay Island,0.7062196735774151
315058,Malanda,0.7575422086908387
315059,Maleny,0.8180821917808219
315060,Marian,0.7479253112033195
315061,Meringandan West,0.8684456928838952
315062,Middlemount,0.7282218597063621
315063,Miles,0.6567164179104478
315064,Millmerran,0.6213235294117647
315065,Mirani,0.7479253112033195
315066,Monto,0.5712676056338029
315067,Mooloolah,0.8400330396475771
315068,Moore Park,0.7256358959702772
315069,Mossman,0.6722630290311298
315070,Mount Cotton,0.9124605678233438
315071,Mount Morgan,0.5657992565055762
315072,Moura,0.69004329004329
315073,Mundubbera,0.5959972862957937
315074,Murgon,0.6272896203875763
315075,Nanango,0.671674339714078
315076,Nelly Bay,0.6762962962962963
315077,Oakey,0.7204222788496542
315078,Palm Island,0.5745967741935484
315079,Palmwoods,0.8509052183173589
315080,Pittsworth,0.7270495827196858
315081,Pomona,0.8223441039704305
315082,Port Douglas - Craiglie,0.7424012158054711
315083,Proserpine,0.6913868613138686
315084,Rainbow Beach,0.6709969788519637
315085,Rangewood,0.8924154987633965
315086,River Heads,0.8205585264408793
315087,Rosewood,0.745041122399613
315088,Russell Island,0.7062196735774151
315089,Samford Valley - Highvale,0.9100738396624473
315090,Sarina,0.7087703637580897
315091,St George,0.6428571428571429
315092,Stanthorpe,0.676936243046641
315093,Thursday Island,0.5813308687615527
315094,Tieri,0.6536890824938743
315095,Tin Can Bay,0.6709969788519637
315096,Toogoom,0.7072261072261072
315097,Tully,0.6805143422354105
315098,Walkerston,0.7860696517412935
315099,Walloon,0.745041122399613
315100,Weipa,0.7588904694167852
315101,Westbrook,0.8263780406159339
315102,Wondai,0.6272896203875763
315103,Wongaling Beach,0.6805143422354105
315104,Woodford,0.7583686033089649
315105,Wyreema,0.8382032272132578
315106,Yandina,0.8158574380165289
315107,Yarrabah,0.46530612244897956
321001,Agnes Water (L),0.713303540735648
321002,Aldershot (L),0.7072261072261072
321003,Allora (L),0.7035848047084002
321004,Apple Tree Creek (L),0.6987300094073378
321005,Aratula (L),0.730037190986655
321006,Armstrong Beach (L),0.7087703637580897
321007,Badu Island (L),0.6311926605504588
321008,Beechmont (L),0.8161343917297397
321009,Belvedere (L),0.6375856615709015
321010,Benaraby (L),0.7704057279236277
321011,Biggenden (L),0.5959972862957937
321012,Black Mountain (L),0.8223441039704305
321013,Black River (L),0.7396768402154399
321014,Blackall (L),0.6781456953642384
321015,Blackbutt (L),0.671674339714078
321016,Blue Mountain Heights (L),0.8776848293013791
321017,Bluewater (L),0.7396768402154399
321018,Bluewater Park (L),0.7396768402154399
321019,Booral (L),0.8205585264408793
321020,Bouldercombe (L),0.7374301675977654
321021,Boyland (L),0.8161343917297397
321022,Brandon (L),0.6997032640949555
321023,Cambooya (L),0.8382032272132578
321024,Campwin Beach (L),0.7087703637580897
321025,Canungra (L),0.8161343917297397
321026,Capella (L),0.6536890824938743
321027,Coochiemudlo Island (L),0.7062196735774151
321028,Coominya (L),0.7367375322869064
321029,Cooran (L),0.8223441039704305
321030,Cooroibah (L),0.8223441039704305
321031,Cooya Beach (L),0.6722630290311298
321032,Curra (L),0.7496563101457245
321033,D'Aguilar (L),0.7583686033089649
321034,Deebing Heights (L),0.8848101265822785
321035,Delaneys Creek (L),0.7583686033089649
321036,Dunwich (L),0.7062196735774151
321037,Elliott Heads (L),0.7856254319281272
321038,Eumundi (L),0.8158574380165289
321039,Flaxton (L),0.8036880522474068
321040,Forest Acres (L),0.8223441039704305
321041,Gin Gin (L),0.662431941923775
321042,Glendale (L),0.8432732316227461
321043,Glenden (L),0.7282218597063621
321044,Gleneagle (L),0.7036826119969628
321045,Glenore Grove (L),0.707815520574427
321046,Glenview (L),0.8400330396475771
321047,Glenwood (L),0.6887631366208569
321048,Goldsborough (L),0.7768488745980707
321049,Gooburrum (L),0.6988150098749177
321050,Goombungee (L),0.6906349666570021
321051,Gowrie Junction (L),0.8684456928838952
321052,Helidon (L),0.7703444832750874
321053,Herberton (L),0.6053388090349076
321054,Hope Vale (L),0.49817073170731707
321055,Horn Island (L),0.5813308687615527
321056,Horseshoe Bay (L),0.6762962962962963
321057,Hughenden (L),0.6781376518218624
321058,Inglewood (L) (Qld),0.6273083379966424
321059,Jandowae (L),0.7075604053000779
321060,Kalbar (L),0.730037190986655
321061,Karumba (L),0.5728643216080402
321062,Kiels Mountain (L),0.8198198198198198
321063,Killarney (L),0.7150635208711433
321064,Kinka Beach (L),0.7199671996719967
321065,Kooralbyn (L),0.7036826119969628
321066,Kureelpa (L),0.8036880522474068
321067,Kurrimine Beach (L),0.7137921105672329
321068,Laidley Heights (L),0.707815520574427
321069,Logan Village (L),0.8369369369369369
321070,Lower Beechmont (L),0.808953341740227
321071,Mapleton (L),0.8036880522474068
321072,Marburg (L),0.745041122399613
321073,Mareeba - South (L),0.6342756183745583
321074,Maudsland (L),0.8548208348725527
321075,Minden Village (L),0.7367375322869064
321076,Mission Beach (L),0.6805143422354105
321077,Mitchell (L),0.6733416770963705
321078,Mount Nathan (L),0.7765161290322581
321079,Mulambin (L),0.7622883670125614
321080,Mundoolun (L),0.8461158453748302
321081,Napranum (L),0.49817073170731707
321082,Nome (L),0.7758923346986542
321083,Normanton (L),0.5728643216080402
321084,Oakhurst (L),0.6794582392776524
321085,Pacific Haven (L),0.7072261072261072
321086,Pie Creek (L),0.7496563101457245
321087,Plainland (L),0.707815520574427
321088,Point Lookout (L),0.7062196735774151
321089,Pormpuraaw (L),0.6647173489278753
321090,Prince Henry Heights (L),0.798158287705326
321091,Quilpie (L),0.593170007423905
321092,Ravenshoe (L),0.6053388090349076
321093,Richmond (L) (Qld),0.6781376518218624
321094,Ripley (L),0.8848101265822785
321095,Rubyvale (L),0.6536890824938743
321096,Samford Village (L),0.9100738396624473
321097,Sapphire (L),0.6536890824938743
321098,Seaforth (L),0.7242098986285033
321099,Sharon (L),0.7256358959702772
321100,Sloping Hummock (L),0.7856254319281272
321101,South Mission Beach (L),0.6805143422354105
321102,Springsure (L),0.6536890824938743
321103,Sunshine Acres (L),0.8205585264408793
321104,Tara (L),0.5332581736189402
321105,Taroom (L),0.69004329004329
321106,Texas (L),0.6273083379966424
321107,Thagoona (L),0.745041122399613
321108,The Palms (L),0.7496563101457245
321109,Tolga (L),0.709825327510917
321110,Tolga - West (L),0.709825327510917
321111,Toogoolawah (L),0.6762719495722648
321112,Toorbul (L),0.7713349713349713
321113,Wallangarra (L),0.7119006849315068
321114,Wangan (L),0.7137921105672329
321115,Winton (L),0.5815931941221965
321116,Withcott (L),0.7703444832750874
321117,Witta (L),0.8180821917808219
321118,Wonga Beach (L),0.6722630290311298
321119,Woodgate (L),0.6987300094073378
321120,Woorabinda (L),0.6661704503163379
321121,Yabulu (L),0.7396768402154399
321122,Yarraman (L),0.6906349666570021
321123,Yungaburra (L),0.7575422086908387
322001,Alligator Creek (L),0.7758923346986542
322002,Alpha (L),0.6781456953642384
322003,Alva Beach (L),0.6997032640949555
322004,Amity Point (L),0.7062196735774151
322005,Aramac (L),0.6781456953642384
322006,Arcadia Bay (L),0.6762962962962963
322007,Augathella (L),0.6615628299894404
322008,Bakers Creek (L),0.7703426124197003
322009,Balgal Beach (L),0.7396768402154399
322010,Baralaba (L),0.69004329004329
322011,Bauple Forest (L),0.6887631366208569
322012,Beerburrum (L),0.817752596789424
322013,Beerburrum - North (L),0.817752596789424
322014,Bell (L),0.7075604053000779
322015,Bingil Bay (L),0.7137921105672329
322016,Bluff (L),0.6661704503163379
322017,Boigu Island (L),0.6311926605504588
322019,Boreen Point (L),0.8223441039704305
322020,Boulia (L),0.5815931941221965
322021,Brightview (L),0.707815520574427
322022,Burketown (L),0.5728643216080402
322023,Burrum Heads - East (L),0.7072261072261072
322024,Burrum Heads - South (L),0.7072261072261072
322025,Cabbage Tree Point (L),0.7994227994227994
322026,Carmoo (L),0.6805143422354105
322027,Cecil Plains (L),0.6213235294117647
322029,Coen (L),0.49817073170731707
322030,Cordalba (L),0.6987300094073378
322032,Dimbulah (L),0.6058295964125561
322033,Dirranbandi (L),0.6428571428571429
322034,Donnybrook (L),0.7713349713349713
322035,Duaringa (L),0.6661704503163379
322036,Eidsvold (L),0.5712676056338029
322037,El Arish (L),0.7137921105672329
322038,Erakala (L),0.8344232278315459
322039,Erub (Darnley) Island (L),0.6311926605504588
322040,Eton (L),0.7860696517412935
322041,Farleigh (L),0.8344232278315459
322042,Finch Hatton (L),0.7479253112033195
322043,Flying Fish Point (L),0.6375856615709015
322044,Forest Hill (L),0.707815520574427
322045,Georgetown (L),0.4893048128342246
322046,Giru (L),0.6997032640949555
322047,Goomeri (L),0.65848934796643
322048,Gowrie Mountain (L),0.7204222788496542
322049,Grasstree Beach (L),0.7087703637580897
322050,Greenmount (L),0.7430851063829788
322051,Haliday Bay - Ball Bay (L),0.7242098986285033
322052,Halifax (L),0.6955017301038062
322053,Hammond Island (L),0.6311926605504588
322054,Harrisville (L),0.730037190986655
322056,Iama (Yam) Island (L),0.6311926605504588
322057,Imbil (L),0.7496563101457245
322058,Injinoo (L),0.6442731277533039
322059,Injune (L),0.6733416770963705
322060,Julia Creek (L),0.6781376518218624
322061,Kalamia Estate (L),0.6482633488854329
322062,Kenilworth (L),0.8036880522474068
322063,Keppel Sands (L),0.7021439509954058
322064,Kilkivan (L),0.65848934796643
322065,Lamb Island (L),0.7062196735774151
322066,Lockhart River (L),0.49817073170731707
322067,Lockrose (L),0.707815520574427
322068,Lucinda (L),0.6955017301038062
322069,Maaroom (L),0.6887631366208569
322070,Mabuiag Island (L),0.6311926605504588
322071,Mapoon (L),0.49817073170731707
322072,Mer (Murray) Island (L),0.6311926605504588
322073,Merinda (L),0.6150234741784038
322074,Meringandan (L),0.8776848293013791
322075,Midge Point (L),0.7242098986285033
322076,Millaa Millaa (L),0.7575422086908387
322077,Miriam Vale (L),0.713303540735648
322078,Mirriwinni (L),0.6698564593301436
322079,Mount Garnet (L),0.6053388090349076
322080,Mount Julian (L),0.6913868613138686
322081,Mount Larcom (L),0.7704057279236277
322082,Mount Nebo (L),0.9100738396624473
322083,Mount Perry (L),0.5712676056338029
322084,Mourilyan (L),0.7137921105672329
322085,Murphys Creek (L),0.7703444832750874
322086,Nahrunda (L),0.7496563101457245
322087,Nebo (L),0.7282218597063621
322088,New Mapoon (L),0.6442731277533039
322089,Newell (L),0.6722630290311298
322090,Oak Beach (L),0.7424012158054711
322091,Oakwood (L),0.6988150098749177
322092,Peachester (L),0.8027981345769487
322093,Peak Crossing (L),0.730037190986655
322094,Picnic Bay (L),0.6762962962962963
322095,Placid Hills (L),0.7703444832750874
322096,Poona (L),0.6887631366208569
322097,Proston (L),0.6272896203875763
322098,Saibai Island (L),0.6311926605504588
322099,Sarina Beach (L),0.7087703637580897
322100,Saunders Beach (L),0.7396768402154399
322101,Scottville (L),0.6150234741784038
322102,Seisia (L),0.6442731277533039
322103,South Bingera (L),0.6987300094073378
322104,South Johnstone (L),0.7137921105672329
322105,Southbrook (L),0.7270495827196858
322106,Springbrook (L),0.808953341740227
322107,St Pauls (L),0.6311926605504588
322108,Surat (L),0.6733416770963705
322109,Tambo (L),0.6781456953642384
322110,Tamborine (L),0.8161343917297397
322111,Tarzali (L),0.7575422086908387
322112,Taylors Beach (L),0.6955017301038062
322113,Thangool (L),0.69004329004329
322114,Thargomindah (L),0.593170007423905
322115,The Caves (L),0.8432732316227461
322116,Theodore (L),0.69004329004329
322117,Tiaro (L),0.6887631366208569
322118,Tinaroo (L),0.7575422086908387
322119,Toolakea (L),0.7396768402154399
322120,Torbanlea (L),0.7072261072261072
322121,Trebonne (L),0.6955017301038062
322122,Tully Heads (L),0.6805143422354105
322123,Umagico (L),0.6442731277533039
322124,Walkamin (L),0.709825327510917
322125,Walligan (L),0.8205585264408793
322126,Wallumbilla (L),0.6733416770963705
322127,Wandoan (L),0.6567164179104478
322129,Weyba Downs (L),0.8223441039704305
322130,Wujal Wujal (L),0.49817073170731707
322131,Wurdong Heights (L),0.7704057279236277
322132,Yangan (L),0.7150635208711433
322133,Yelarbon (L),0.6273083379966424
322134,Yorke Island (L),0.6311926605504588
322135,Yuleba (L),0.6733416770963705
322136,Camooweal (L),0.5618709295441089
322137,Chillagoe (L),0.6058295964125561
322138,Daintree (L),0.6722630290311298
322139,Grantham (L),0.7703444832750874
322140,Seventeen Seventy (L),0.713303540735648
322141,Willows Gemfields (L),0.6536890824938743
401001,Adelaide,0.8007246376811594
412001,Gawler,0.8284254807692307
412002,Mount Gambier,0.7454140236584947
412003,Victor Harbor - Goolwa,0.7533161750148486
413001,Crafers - Bridgewater,0.8901268956979264
413002,Mount Barker (SA),0.8254688445251058
413003,Murray Bridge,0.6885406464250735
413004,Port Augusta,0.6440058479532164
413005,Port Lincoln,0.73
413006,Port Pirie,0.6434884108721027
414001,Nuriootpa,0.7664845173041894
414002,Strathalbyn,0.7948990435706695
415001,Angaston,0.7887896019496344
415002,Angle Vale,0.8380860318994683
415003,Balaklava,0.7104795737122558
415004,Balhannah,0.8261255924170616
415005,Barmera,0.7037993360383622
415006,Berri,0.6450053705692803
415007,Bordertown,0.7148274554417899
415008,Ceduna,0.6622340425531915
415009,Clare,0.7555425904317387
415010,Coober Pedy,0.5140997830802603
415011,Crystal Brook,0.7322775263951734
415012,Freeling,0.7940395396872234
415013,Hahndorf,0.8384146341463414
415014,Jamestown,0.713855421686747
415015,Kadina,0.6858325666973321
415016,Kapunda,0.7940395396872234
415017,Kingscote,0.7195715676728335
415018,Kingston SE,0.6976463488231744
415019,Lewiston,0.7893931667516573
415020,Lobethal,0.8261255924170616
415021,Loxton,0.7200357781753131
415022,Lyndoch,0.8405270331667424
415023,Maitland (SA),0.690618136178224
415024,Mannum,0.6721311475409836
415025,McLaren Flat,0.8204798628963154
415026,McLaren Vale,0.8204798628963154
415027,Millicent,0.6827094474153298
415028,Moonta,0.6924150767798977
415029,Mount Compass,0.7908678982223771
415030,Nairne,0.8621964097148891
415031,Naracoorte,0.7341040462427746
415032,Normanville,0.7530766177054387
415033,Penola,0.7288
415034,Peterborough,0.647898493259318
415035,Quorn,0.6222222222222222
415036,Renmark,0.6478942213516161
415037,Robe,0.6976463488231744
415038,Roxby Downs,0.8508033664881408
415039,Streaky Bay,0.6189189189189189
415040,Tailem Bend,0.7024756852343059
415041,Tanunda,0.7548353371667538
415042,Tumby Bay,0.7141335227272727
415043,Two Wells,0.7893931667516573
415044,Waikerie,0.6846782794169926
415045,Wallaroo,0.6541512427287149
415046,Williamstown,0.8405270331667424
415047,Willunga,0.8590138674884438
415048,Woodside,0.8261255924170616
421001,Andamooka Opal Fields (L),0.4820747520976354
421002,Ardrossan (L),0.690618136178224
421003,Birdwood (L),0.8473960436011304
421004,Burra (L),0.6906474820143885
421005,Cleve (L),0.6787723785166241
421006,Cockatoo Valley (L),0.8405270331667424
421007,Coffin Bay (L),0.7141335227272727
421008,Cowell (L),0.6787723785166241
421009,Cummins (L),0.7141335227272727
421010,Echunga (L),0.8384146341463414
421011,Eudunda (L),0.6906474820143885
421012,Gladstone (L),0.713855421686747
421013,Greenock (L),0.7940395396872234
421014,Gumeracha (L),0.8473960436011304
421015,Hamley Bridge (L),0.7104795737122558
421016,Houghton (L),0.8473960436011304
421017,Kanmantoo (L),0.8224728487886382
421018,Keith (L),0.7148274554417899
421019,Kimba (L),0.6787723785166241
421020,Lameroo (L),0.6770833333333334
421021,Leigh Creek (L),0.4820747520976354
421022,Macclesfield (L),0.8224728487886382
421023,Mallala (L),0.7071260767423649
421024,Meadows (L),0.8224728487886382
421025,Meningie (L),0.7024756852343059
421026,Milang (L),0.7908678982223771
421027,Minlaton (L),0.690618136178224
421028,Mount Pleasant (L),0.7887896019496344
421029,Nangwarry (L),0.7288
421030,One Tree Hill (L),0.8599537037037037
421031,Orroroo (L),0.647898493259318
421032,Paringa (L),0.7190254017625712
421033,Pinnaroo (L),0.6770833333333334
421034,Port Broughton (L),0.7104795737122558
421035,Port MacDonnell (L),0.7574404761904762
421036,Port Wakefield (L),0.7104795737122558
421037,Pukatja (Ernabella) (L),0.35737704918032787
421038,Riverton (L),0.7361516034985423
421039,Roseworthy (L),0.8284254807692307
421040,Stansbury (L),0.6948509485094851
421041,Uraidla - Summertown (L),0.8527291452111225
421042,Virginia (L),0.6721014492753623
421043,Wudinna (L),0.6985221674876847
421044,Yankalilla (L),0.7530766177054387
421045,Yorketown (L),0.6948509485094851
422001,Aldinga (L),0.8051537822111389
422002,Allendale East (L),0.7574404761904762
422003,Amata (L),0.35737704918032787
422004,American River (L),0.7195715676728335
422005,Arno Bay (L),0.6787723785166241
422006,Auburn (L),0.7361516034985423
422007,Beachport (L),0.7426127527216174
422008,Blanchetown (L),0.6846782794169926
422009,Blyth (L),0.7104795737122558
422010,Booleroo Centre (L),0.647898493259318
422011,Boston (L),0.73
422012,Bute (L),0.7104795737122558
422013,Callington (L),0.7580760947595119
422014,Carrickalinga (L),0.7530766177054387
422015,Charleston (L),0.8261255924170616
422016,Clarendon (L),0.875
422017,Clayton Bay (L),0.7908678982223771
422018,Cobdogla (L),0.7037993360383622
422019,Coobowie (L),0.6948509485094851
422020,Coonalpyn (L),0.7024756852343059
422021,Edithburgh (L),0.6948509485094851
422022,Elliston (L),0.6985221674876847
422023,Hawker (L),0.6222222222222222
422024,Indulkana (L),0.35737704918032787
422025,Kalangadoo (L),0.7288
422026,Karoonda (L),0.6770833333333334
422027,Kersbrook (L),0.8473960436011304
422028,Laura (L),0.713855421686747
422029,Lucindale (L),0.7853881278538812
422030,Mimili (L),0.35737704918032787
422031,Morgan (L),0.6846782794169926
422032,Mount Burr (L),0.7426127527216174
422033,Mount Torrens (L),0.8473960436011304
422034,Mullaquana (L),0.6767784661397137
422035,Mundulla (L),0.7148274554417899
422036,Myponga (L),0.7530766177054387
422037,Napperby (L),0.7322775263951734
422038,Owen (L),0.7104795737122558
422039,Penneshaw (L),0.7195715676728335
422040,Point Turton (L),0.6948509485094851
422041,Port Germein (L),0.647898493259318
422042,Port Victoria (L),0.690618136178224
422043,Port Vincent (L),0.690618136178224
422044,Saddleworth (L),0.7361516034985423
422045,Snowtown (L),0.7104795737122558
422046,Southend (L),0.7426127527216174
422047,Spalding (L),0.713855421686747
422048,Springton (L),0.7887896019496344
422049,Swan Reach (L),0.6721311475409836
422050,Tantanoola (L),0.7426127527216174
422051,Tarpeena (L),0.7574404761904762
422052,Tintinara (L),0.7024756852343059
422053,Truro (L),0.6846782794169926
422054,Warooka (L),0.6948509485094851
422055,Wasleys (L),0.7940395396872234
422056,Willyaroo (L),0.7948990435706695
422057,Wilmington (L),0.647898493259318
422058,Wirrabara (L),0.647898493259318
422059,Woomera (L),0.4820747520976354
422060,Yahl (L),0.7574404761904762
422061,Yalata (L),0.6189189189189189
501001,Perth (WA),0.8680266444629475
511001,Bunbury,0.7396345748418833
512001,Albany,0.716827158478864
512002,Busselton,0.7825829383886256
512003,Ellenbrook,0.8725474031327288
512004,Geraldton,0.729368029739777
512005,Kalgoorlie - Boulder,0.7385796545105566
513001,Baldivis,0.8560931899641577
513002,Broome,0.7079193014152364
513003,Karratha,0.7781980742778541
513004,Port Hedland,0.6954148471615721
514001,Collie,0.6885478829212844
514002,Esperance,0.714672216441207
514003,Margaret River,0.8176763242610477
514004,Newman,0.7546444586803331
514005,Northam,0.6976744186046512
515001,Binningup,0.7176227084565346
515002,Bridgetown,0.7340386720175118
515003,Bullsbrook,0.8022346368715084
515004,Capel,0.7942366026289182
515005,Carnarvon,0.6089696071163825
515006,Dampier,0.7369614512471655
515007,Denmark,0.7594781899714635
515008,Derby,0.5413584398117014
515009,Donnybrook,0.7456252667520273
515010,Drummond Cove,0.8071702053602506
515011,Dunsborough,0.8310562270099843
515012,Exmouth,0.6176157530601384
515013,Fitzroy Crossing,0.5413584398117014
515014,Harvey,0.7176227084565346
515015,Jurien,0.7161487236403996
515016,Kalbarri,0.6513157894736842
515017,Kambalda West,0.6115956900974859
515018,Katanning,0.6501987507098239
515019,Kununurra,0.5880181714934696
515020,Manjimup,0.7154362416107383
515021,Merredin,0.703862660944206
515022,Moora,0.6867905056759546
515023,Mount Barker (WA),0.7058823529411765
515024,Narrogin,0.6657652785289345
515025,Paraburdoo,0.7278320665942816
515026,Pinjarra,0.746232508073197
515027,Port Denison - Dongara,0.7403906742281033
515028,Tom Price,0.7278320665942816
515029,Two Rocks,0.7730870712401056
515030,Wagin,0.6964717254712421
515031,Waroona,0.6976309226932669
515032,Wickham,0.7369614512471655
515033,Yanchep,0.8302972195589645
515034,York,0.7048611111111112
521001,Allanson (L),0.6885478829212844
521002,Augusta (L),0.7471008028545941
521003,Bakers Hill (L),0.6976744186046512
521004,Balgo (L),0.44809688581314877
521005,Beverley (L),0.7048611111111112
521006,Bidyadanga (Lagrange) (L),0.5693069306930693
521007,Boddington - Ranford (L),0.7268145161290323
521008,Boyanup (L),0.7942366026289182
521009,Boyup Brook (L),0.7340386720175118
521010,Brookton (L),0.6591784338896021
521011,Bruce Rock (L),0.703862660944206
521012,Brunswick (L),0.7176227084565346
521013,Burekup (L),0.8197573656845754
521014,Cardup (L),0.856380397865114
521015,Chidlow (L),0.8182674199623352
521016,Coolgardie (L),0.6115956900974859
521017,Corrigin (L),0.6591784338896021
521018,Cowaramup (L),0.7471008028545941
521019,Cunderdin (L),0.6678765880217786
521020,Dalwallinu (L),0.6867905056759546
521021,Denham (L),0.6176157530601384
521022,Gabbadah (L),0.7161487236403996
521023,Gingin (L),0.7161487236403996
521024,Gnarabup - Prevelly (L),0.8176763242610477
521025,Gnowangerup (L),0.7114093959731543
521026,Goomalling (L),0.7033656588705077
521027,Halls Creek (L),0.44809688581314877
521028,Hopetoun (L) (WA),0.6827632461435278
521029,Jarrahdale (L),0.8074576271186441
521030,Kambalda East (L),0.6115956900974859
521031,Kellerberrin (L),0.6678765880217786
521032,Kojonup (L),0.6697191697191697
521033,Lancelin (L),0.7161487236403996
521034,Leinster (L),0.4988416988416988
521035,Leonora (L),0.4988416988416988
521036,Little Grove (L),0.8247588424437299
521037,Lower Chittering Valley (L),0.8106139438085328
521038,Meekatharra (L),0.466046511627907
521039,Morawa (L),0.7023468803663423
521040,Mount Magnet (L),0.466046511627907
521041,Muchea (L),0.8106139438085328
521042,Mundijong (L),0.856380397865114
521043,Norseman (L),0.6115956900974859
521044,Northampton (L),0.6513157894736842
521045,Ocean Beach (L),0.7594781899714635
521046,Onslow (L),0.7278320665942816
521047,Pannawonica (L),0.7278320665942816
521048,Pemberton (L),0.6728675136116152
521049,Pingelly (L),0.6591784338896021
521050,Quairading (L),0.6678765880217786
521051,Roebourne (L),0.7369614512471655
521052,Serpentine (L),0.8074576271186441
521053,Southern Cross (L),0.6616199848599545
521054,Toodyay (L),0.7494791666666667
521055,Wongan Hills (L),0.7033656588705077
521056,Woodridge Estate (L),0.7161487236403996
521057,Wundowie (L),0.6976744186046512
521058,Wyndham (L),0.5880181714934696
522001,Balingup (L),0.7456252667520273
522002,Bardi (One Arm Point) (L),0.5693069306930693
522003,Bayulu (L),0.5413584398117014
522004,Beagle Bay (L),0.5693069306930693
522005,Bickley (L),0.8670902160101652
522006,Bremer Bay (L),0.7114093959731543
522007,Broomehill Village (L),0.6697191697191697
522008,Bullsbrook - West (L),0.8022346368715084
522009,Cape Burney (L),0.8244047619047619
522010,Carmel (L),0.8670902160101652
522011,Carnamah (L),0.7023468803663423
522012,Cervantes (L),0.7161487236403996
522013,Cookernup (L),0.7176227084565346
522014,Coral Bay (L),0.6176157530601384
522015,Cranbrook (L),0.6697191697191697
522016,Cuballing (L),0.6964717254712421
522017,Cue (L),0.466046511627907
522018,Dardanup (L),0.8197573656845754
522019,Darkan (L),0.6964717254712421
522020,Djarindjin - Lombadina (L),0.5693069306930693
522021,Dowerin (L),0.7033656588705077
522022,Dwellingup (L),0.7268145161290323
522023,Green Head (L),0.7023468803663423
522024,Greenbushes (L),0.7340386720175118
522025,Herne Hill (L),0.7568981921979068
522026,Hilbert (L),0.7176018039527788
522027,Jerramungup (L),0.7114093959731543
522028,Jigalong (L),0.4297719087635054
522029,Kalumburu (L),0.5880181714934696
522030,Kendenup (L),0.7058823529411765
522031,Kiwirrkurra (L),0.4297719087635054
522032,Kondinin (L),0.6995019369120089
522033,Koorda (L),0.7033656588705077
522034,Kulin (L),0.6995019369120089
522035,Lake Grace (L),0.6995019369120089
522036,Laverton (L),0.4988416988416988
522037,Leeman (L),0.7023468803663423
522038,Looma (L),0.5413584398117014
522039,Marble Bar (L),0.4297719087635054
522040,Mindibungu (L),0.44809688581314877
522041,Mingenew (L),0.7023468803663423
522042,Mukinbudin (L),0.6616199848599545
522043,Mullewa (L),0.6513157894736842
522044,Nannup (L),0.6728675136116152
522045,Narembeen (L),0.703862660944206
522046,North Dandalup (L),0.746232508073197
522047,Peppermint Grove Beach (L),0.7942366026289182
522048,Point Samson (L),0.7369614512471655
522049,Ravensthorpe (L),0.6827632461435278
522050,Tambellup (L),0.6697191697191697
522051,Three Springs (L),0.7023468803663423
522052,Tjuntjuntjara (L),0.4988416988416988
522053,Upper Swan (L),0.8881637496291902
522054,Walpole (L),0.6728675136116152
522055,Warburton (L),0.4988416988416988
522056,Warmun (L),0.44809688581314877
522057,West Swan (L),0.8217106368677534
522058,Wickepin (L),0.6995019369120089
522059,Williams (L),0.6964717254712421
522060,Wiluna (L),0.466046511627907
522061,Wooroloo (L),0.8182674199623352
522062,Wyalkatchem (L),0.7033656588705077
522063,Yarloop (L),0.7176227084565346
522064,Yungngora (L),0.5413584398117014
522065,Nullagine (L),0.4297719087635054
522066,Papulankutja (L),0.4988416988416988
522067,Rottnest Island (L),0.7548787699586044
603001,Hobart,0.835820895522388
611001,Launceston,0.7762208067940553
612001,Devonport,0.8204736440030558
613001,Burnie - Somerset,0.7079593058049073
613002,Ulverstone,0.6798657718120805
614001,New Norfolk,0.6569959603378627
614002,Wynyard,0.689158453373768
615001,Beaconsfield,0.6992840095465394
615002,Beauty Point,0.6992840095465394
615003,Bridport,0.6649011299435028
615004,Deloraine,0.6992738146091414
615005,Dodges Ferry - Lewisham,0.7477302204928664
615006,Evandale,0.7598209845847836
615007,George Town,0.6808066759388038
615008,Hadspen,0.7980997624703088
615009,Huonville,0.7640899291653834
615010,Latrobe,0.7076086956521739
615011,Legana,0.8237243207422134
615012,Longford,0.6892289582107122
615013,Margate,0.8406317300789663
615014,Midway Point,0.7577079697498545
615015,Penguin,0.7484246243334949
615016,Perth (Tas.),0.7598209845847836
615017,Port Sorell,0.7659482758620689
615018,Queenstown,0.6659959758551308
615019,Scottsdale,0.6649011299435028
615020,Sheffield,0.7315045719035744
615021,Smithton,0.677602523659306
615022,Sorell,0.7577079697498545
615023,St Helens,0.6648879402347919
615024,Westbury,0.711352657004831
621001,Bicheno (L),0.6603396603396603
621002,Campbell Town (L),0.639686684073107
621004,Cressy (L),0.639686684073107
621005,Currie (L),0.7093023255813954
621006,Cygnet (L),0.7668881506090809
621007,Fern Tree (L),0.8414486921529175
621008,Geeveston (L),0.6966645689112649
621009,Gravelly Beach (L),0.7958277851753218
621010,Grindelwald (L),0.7958277851753218
621011,Howden (L),0.8606106106106106
621012,Lanena - Blackwall (L),0.7958277851753218
621013,Lower Snug - Coningham (L),0.8406317300789663
621014,Oatlands (L),0.6675031367628608
621016,Primrose Sands (L),0.7477302204928664
621017,Railton (L),0.7315045719035744
621018,Ranelagh (L),0.7640899291653834
621019,Richmond (L) (Tas.),0.7577079697498545
621020,Rosebery (L),0.6659959758551308
621021,Scamander (L),0.6648879402347919
621022,Snug (L),0.8406317300789663
621023,South Arm (L),0.8593059936908517
621024,St Marys (L),0.6648879402347919
621025,Stieglitz (L),0.6648879402347919
621026,Strahan (L),0.6659959758551308
621027,Sulphur Creek (L),0.7484246243334949
621028,Swansea (L),0.6603396603396603
621029,Triabunna (L),0.6603396603396603
621030,Zeehan (L),0.6659959758551308
622001,Bagdad (L),0.6675031367628608
622002,Binalong Bay (L),0.6648879402347919
622003,Bothwell (L),0.570385818561001
622004,Bracknell (L),0.711352657004831
622005,Branxholm (L),0.6649011299435028
622006,Campania (L),0.6675031367628608
622007,Carrick (L),0.7980997624703088
622008,Collinsvale (L),0.6927129060579456
622009,Cremorne (L),0.8593059936908517
622010,Dilston (L),0.741704619388419
622011,Dover (L),0.6966645689112649
622012,Dunalley (L),0.7477302204928664
622013,Eaglehawk Neck (L),0.6719330855018587
622014,Electrona (L),0.8406317300789663
622015,Exeter (L) (Tas.),0.7958277851753218
622016,Fingal (L),0.6648879402347919
622017,Forth (L),0.8022690437601296
622018,Franklin (L),0.7640899291653834
622019,Gawler (L),0.6798657718120805
622020,Heybridge (L),0.7484246243334949
622021,Hillwood (L),0.6808066759388038
622022,Kempton (L),0.6675031367628608
622023,Kettering (L),0.7770167427701674
622024,Lilydale (L),0.741704619388419
622025,Low Head (L),0.6808066759388038
622026,Maydena (L),0.6955810147299509
622027,Mole Creek (L),0.6992738146091414
622028,Nubeena (L),0.6719330855018587
622029,Opossum Bay (L),0.8593059936908517
622030,Ridgley (L),0.7290155440414507
622031,Ringarooma (L),0.6649011299435028
622032,Ross (L),0.639686684073107
622033,Sisters Beach (L),0.7664543524416136
622035,Swan Point (L),0.7958277851753218
622036,Waratah (L),0.7664543524416136
622038,Tullah (L),0.6659959758551308
703001,Darwin,0.6652078774617067
712001,Alice Springs,0.7593582887700535
714001,Katherine,0.6082365364308342
715001,Galiwinku,0.5640802092414996
715002,Gunbalanya (Oenpelli),0.473621103117506
715003,Maningrida,0.473621103117506
715004,Milingimbi,0.5640802092414996
715005,Ngukurr,0.4569045412418906
715006,Nhulunbuy,0.7815126050420168
715007,Tennant Creek,0.6164639850327409
715008,Wadeye,0.3164251207729469
715009,Wurrumiyanga (Nguiu),0.6753246753246753
721001,Ali Curung (L),0.4425087108013937
721002,Alyangula (L),0.49586776859504134
721003,Angurugu (L),0.49586776859504134
721004,Borroloola (L),0.4569045412418906
721005,Daguragu - Kalkarindji (L),0.4222539229671897
721006,Gapuwiyak (L),0.5640802092414996
721007,Hermannsburg (L),0.2812071330589849
721008,Howard Springs (L),0.7368421052631579
721009,Humpty Doo (L),0.7566371681415929
721010,Jabiru (L),0.5298836742880064
721011,Lajamanu (L),0.4222539229671897
721012,Numbulwar (L),0.4569045412418906
721013,Ramingining (L),0.5640802092414996
721014,Santa Teresa (Ltyentye Purte) (L),0.41088580576307365
721015,Wugular (Beswick) (L),0.5063694267515924
721016,Yirrkala (L),0.5640802092414996
721017,Yuendumu (L),0.24833702882483372
721018,Yulara (L),0.4719188767550702
722001,Adelaide River (L),0.5298836742880064
722002,Alpurrurulam (L),0.4425087108013937
722003,Amoonguna (L),0.41088580576307365
722004,Ampilatwatja (L),0.41088580576307365
722005,Areyonga (L),0.2812071330589849
722006,Barunga (L),0.5063694267515924
722007,Batchelor (L),0.5298836742880064
722008,Binjari (L),0.6082365364308342
722009,Bulman - Weemol (L),0.5063694267515924
722010,Canteen Creek (L),0.4425087108013937
722011,Elliott (L),0.4425087108013937
722012,Ilparpa (L),0.6384096024006002
722013,Jilkminggan (L),0.5063694267515924
722014,Kaltukatjara (Docker River) (L),0.4719188767550702
722015,Laramba (L),0.24833702882483372
722016,Mataranka (L),0.5063694267515924
722017,Milikapiti (L),0.6753246753246753
722018,Miniyeri (L),0.4569045412418906
722019,Minjilang (L),0.473621103117506
722020,Mutitjulu (L),0.4719188767550702
722021,Nauiyu Nambiyu (Daly River) (L),0.509493670886076
722022,Nganmarriyanga (Palumpa) (L),0.509493670886076
722023,Nyirripi (L),0.2812071330589849
722024,Papunya (L),0.2812071330589849
722025,Pine Creek (L),0.509493670886076
722026,Pirlangimpi (L),0.6753246753246753
722027,Robinson River (Mungoorbada) (L),0.4569045412418906
722028,Titjikala (L),0.41088580576307365
722029,Umbakumba (L),0.49586776859504134
722030,Wagait Beach - Mandorah (L),0.5298836742880064
722031,Walungurru (Kintore) (L),0.2812071330589849
722032,Warruwi (L),0.473621103117506
722033,Willowra (L),0.24833702882483372
722034,Wutunugurra (L),0.4425087108013937
722035,Yarralin (L),0.4222539229671897
722036,Yuelamu (L),0.24833702882483372
802001,Canberra - Queanbeyan (Canberra Part),0
822001,Hall (L),0.9019607843137255
922002,Jervis Bay (L),0.5686274509803921
